{
    "DNDConfig": null,
    "__parentReadjusting__": false,
    "_height_": "11%",
    "_left_": {
        "type": "string",
        "value": "0%"
    },
    "_margin_": [
        0,
        0,
        0,
        0
    ],
    "_orientation_": 6,
    "_padding_": [
        0,
        0,
        0,
        0
    ],
    "_percent_": true,
    "_skin_": "s69dd4385bb947d0af5758d2b8f42629",
    "_top_": {
        "type": "string",
        "value": "0%"
    },
    "_width_": {
        "type": "string",
        "value": "100%"
    },
    "allboxes": [],
    "autogrowmode": 0,
    "canUpdateUI": true,
    "childInstances": [
        "m91750977fb74b58b880a19e9e7689ad",
        "md895213a0c347689d6395896235de8f",
        "mb14652df27d4c4ba1e0ba3c3c2f9d11"
    ],
    "children": [
        "imgBestBuy",
        "lblDivider",
        "imgBack",
        "btnSearch"
    ],
    "clipbounds": true,
    "containerweight": 100,
    "enablescrolling": true,
    "id": "flxMaster",
    "info": null,
    "isvisible": true,
    "kuid": "me72197967c94e7ab1b9fb840091d12e",
    "layouttype": 2,
    "masterTopLevelFlex": true,
    "name": "kony.ui.FlexContainer",
    "parent": "tmpMaster",
    "pf": "tmpMaster",
    "snapgridsize": 10,
    "snaptogrid": true,
    "vizProps": {
        "hidewidgethierarchy": false
    },
    "wType": "FlexContainer",
    "widgetalignment": 1
}