{
    "DNDConfig": null,
    "_height_": {
        "type": "ref",
        "value": "preferred"
    },
    "_margin_": [
        0,
        0,
        0,
        0
    ],
    "_orientation_": 6,
    "_padding_": [
        0,
        0,
        0,
        0
    ],
    "_percent_": true,
    "_skin_": "s51848ea616442cda8f11db93a9ecbb0",
    "allboxes": [],
    "autogrowmode": 1,
    "canUpdateUI": true,
    "children": [
        "revTit",
        "revName",
        "imgRat",
        "revDesc"
    ],
    "clipbounds": true,
    "containerId": true,
    "containerweight": 100,
    "enablescrolling": true,
    "id": "flxDetails",
    "info": null,
    "isTemplate": true,
    "isvisible": true,
    "kuid": "ef5332ca703545558652588005fc4bbf",
    "layouttype": 4,
    "name": "kony.ui.FlexContainer",
    "parent": "tempSeg4",
    "pf": "tempSeg4",
    "snapgridsize": 10,
    "snaptogrid": true,
    "wType": "FlexContainer",
    "widgetalignment": 1
}