{
    "@class": "com.kony.gen.viz.model.component.KVizButton",
    "DNDConfig": null,
    "__parentReadjusting__": false,
    "_height_": {
        "type": "string",
        "value": "60%"
    },
    "_left_": {
        "type": "string",
        "value": "3dp"
    },
    "_margin_": [
        6,
        6,
        6,
        6
    ],
    "_padding_": [
        0,
        0,
        0,
        0
    ],
    "_skin_": "se8bea9cb8f84ed7b90a8f38ec152201",
    "_text_": "<<Prev",
    "_top_": {
        "type": "string",
        "value": "18%"
    },
    "_width_": {
        "type": "string",
        "value": "20%"
    },
    "canUpdateUI": true,
    "centery": {
        "type": "string",
        "value": "50%"
    },
    "containerweight": 100,
    "contentalignment": 5,
    "displaytext": true,
    "focusskin": "s3cb0d71e84c459d8839fe3c66c57fca",
    "id": "btnPrev",
    "ide_onClick": "AS_Button_f33b750f1f684715a6f0d2e5a23e0230",
    "info": null,
    "isvisible": true,
    "kuid": "d38c0e2ed8054d4fab524aa64af1409b",
    "name": "kony.ui.Button",
    "parent": "flxNextPrev",
    "pf": "frmProd",
    "wType": "Button",
    "zindex": 1
}