{
    "__parentReadjusting__": false,
    "_padding_": [
        0,
        0,
        0,
        0
    ],
    "_skin_": "s726ff02a82840079ffd1ec1cdc42920",
    "_srcKuid_": "f369bf9002a5450f9403ce3423e5e1f8",
    "canUpdateUI": true,
    "channel": "mobile",
    "context": {},
    "dataDiffs": {
        "height": {
            "type": "string",
            "value": "54dp"
        },
        "id": "btnSearch",
        "imageScaleMode": 1,
        "left": {
            "type": "string",
            "value": "294dp"
        },
        "src": "ic_menu_search.png",
        "top": {
            "type": "string",
            "value": "9%"
        },
        "width": {
            "type": "string",
            "value": "80dp"
        },
        "zIndex": 1
    },
    "id": "btnSearch",
    "ide_onTouchEnd": "AS_Image_eef66dc4e5c44ba4aaae797884b84d01",
    "instanceOf": "f369bf9002a5450f9403ce3423e5e1f8",
    "isvisible": true,
    "kuid": "md464345899041009bdfe8078be474b9",
    "masterInstance": true,
    "name": "kony.ui.Image2",
    "parent": "flxMaster",
    "pf": "frmProd",
    "topLevelInstanceKUID": "md895213a0c347689d6395896235de8f",
    "wType": "Image"
}