{
    "__parentReadjusting__": false,
    "_padding_": [
        0,
        0,
        0,
        0
    ],
    "_skin_": "sa14701bd360418183e39aa1c55c6068",
    "_srcKuid_": "2a0ed7efe850409eb80b820d815d876c",
    "canUpdateUI": true,
    "channel": "mobile",
    "context": {},
    "dataDiffs": {
        "bottom": {
            "type": "string",
            "value": "0dp"
        },
        "centerX": {
            "type": "string",
            "value": "50.00%"
        },
        "centerY": {
            "type": "string",
            "value": "96.59%"
        },
        "height": {
            "type": "string",
            "value": "3%"
        },
        "id": "lblDivider",
        "left": {
            "type": "string",
            "value": "0dp"
        },
        "text": "Label",
        "textStyle": {},
        "width": {
            "type": "string",
            "value": "100%"
        },
        "zIndex": 1
    },
    "id": "lblDivider",
    "instanceOf": "2a0ed7efe850409eb80b820d815d876c",
    "isvisible": true,
    "kuid": "md8985ec40fa443d84cc5d628fcca464",
    "masterInstance": true,
    "name": "kony.ui.Label",
    "parent": "flxMaster",
    "pf": "frmProd",
    "topLevelInstanceKUID": "md895213a0c347689d6395896235de8f",
    "wType": "Label"
}