{
    "@class": "com.kony.gen.viz.model.component.KVizImage2",
    "DNDConfig": null,
    "__parentReadjusting__": false,
    "_base64_": null,
    "_height_": {
        "type": "string",
        "value": "54dp"
    },
    "_left_": {
        "type": "string",
        "value": "294dp"
    },
    "_margin_": [
        0,
        0,
        0,
        0
    ],
    "_padding_": [
        0,
        0,
        0,
        0
    ],
    "_skin_": "s726ff02a82840079ffd1ec1cdc42920",
    "_src_": "ic_menu_search.png",
    "_top_": {
        "type": "string",
        "value": "9%"
    },
    "_width_": {
        "type": "string",
        "value": "80dp"
    },
    "canUpdateUI": true,
    "childInstances": [
        "m6046b83b00b48a2bd5d0259afb8cdb0",
        "md464345899041009bdfe8078be474b9",
        "m409f1c00a2e49fe952a5e29d8c0c182"
    ],
    "containerweight": 100,
    "context": {
        "channel": "mobile",
        "formID": "tmpMaster",
        "platform": "iphone",
        "templateType": "masters",
        "topLevelBox": null
    },
    "id": "btnSearch",
    "ide_onTouchEnd": "AS_Image_f16eb3fc58b4427aafed9a67fb211e46",
    "imagescalemode": 1,
    "info": null,
    "isvisible": true,
    "kuid": "f369bf9002a5450f9403ce3423e5e1f8",
    "name": "kony.ui.Image2",
    "parent": "flxMaster",
    "pf": "tmpMaster",
    "srcType": 1,
    "wType": "Image",
    "widgetalignment": 5,
    "zindex": 1
}