<?xml version="1.0" encoding="UTF-8" standalone="yes"?>
<service serviceGroup="" cachable="false" cacheduration="" endpoint="default" groupType="" id="getProducts" passwordencrypted="false" security="authorized_app_user" type="plainxmlserviceConnector" smscode="" smsenabled="false">
    <service-config>
        <config-param api-version="" appid="" name="preprocessorname" value=""/>
        <config-param api-version="" appid="" name="postprocessorname" value=""/>
        <config-param api-version="" appid="" name="preprocessorJS" value=""/>
        <config-param api-version="" appid="" name="postprocessorJS" value="function processOutput(){&#xA;  &#x9;logger.debug(&quot;######## In JavaScript PostProcessor ########&quot;);&#xA;&#x9;var storesDS = result.findDataset(&quot;productList&quot;);&#xA;&#x9;var sizeOfRecords = storesDS.getRecords().length;&#xA;&#x9;var currentPage = result.findParam(&quot;currentPage&quot;);&#xA;  &#x9;var totalPages = result.findParam(&quot;totalPages&quot;);&#xA;    &#xA;  &#x9;for (i = 0; i &lt; sizeOfRecords; i++) { &#xA;        var datasetRecord = storesDS.getRecord(i);&#xA;      &#x9;var pSaleCheck2 = datasetRecord.getParam(&quot;pSaleCheck&quot;); &#xA;    &#x9;logger.debug(((datasetRecord.getParam(&quot;pName&quot;)).getName()));&#xA;    &#x9;logger.debug(((datasetRecord.getParam(&quot;pName&quot;)).getValue()));&#xA;      &#x9;logger.debug(&quot;######## Modifyig lat and lon params for Record: &quot; + i);&#xA;&#x9;&#x9;var f=pSaleCheck2.getValue();&#xA;    &#x9;var n=pSaleCheck2.getName();&#xA;    &#x9;logger.debug(n);&#xA;      &#x9;var varParam = new com.konylabs.middleware.dataobject.Param();&#xA;        varParam.setName(&quot;saleNote&quot;);&#xA;    &#x9;varParam.setType(&quot;string&quot;);&#xA;      &#x9;if(f===&quot;true&quot;)&#xA;        {&#xA;          &#xA;              //stack2.arr2[0].productList[i].saleNote=&quot;On sale!!&quot;;&#xA;             // Param varParam1 = new Param(&quot;saleNote&quot;,&quot;On sale!!&quot;,&quot;string&quot;);&#xA;             &#xA;          &#x9;  varParam.setValue(&quot;                                   On sale!!&quot;);&#xA;          &#xA;        &#x9;//result.productList[i].setParam(varParam1);  &#xA;          &#x9;logger.debug(&quot;its true&quot;);&#xA;        }&#xA;        else&#xA;        { &#xA;        &#x9;varParam.setValue(&quot;&quot;);&#xA;        &#x9;//Param varParam2 = new Param(&quot;saleNote&quot;,&quot;&quot;,&quot;string&quot;); &#xA;        &#x9;//result.productList[i].setParam(varParam2);  &#x9;&#xA;          &#x9;logger.debug(&quot;false&quot;);&#xA;        }&#xA;    &#x9;logger.debug((varParam.getName()));&#xA;      &#x9;logger.debug((varParam.getValue()));&#xA;      &#x9;&#xA;      &#x9;//logger.debug(result.productList[(++i)]);&#xA;        //result.productList[i].setParam(varParam);&#xA;        // logger.debug(pSaleCheck2.getValue());&#xA;    &#x9;datasetRecord.setParam(varParam);&#xA;    &#x9;storesDS.setRecord(datasetRecord);&#xA;        //logger.debug(datasetRecord.getParam(varParam).getValue());&#xA;&#x9;&#x9;//logger.debug(pSaleCheck2.getValue());    &#xA;        //var tempLatParam = datasetRecord.getParam(&quot;lat&quot;);&#xA;&#x9;&#x9;//tempLatParam.setValue(tempLatParam.getValue().substring(0,5));&#xA;&#x9;&#x9;//var tempLngParam = datasetRecord.getParam(&quot;lon&quot;);&#xA;&#x9;&#x9;//tempLngParam.setValue(tempLngParam.getValue().substring(0,6));&#xA;&#x9;&#x9;&#x9;&#xA;  }&#xA; // result.setDataset(storesDS);&#xA;  result.setParam(currentPage);&#xA;  result.setParam(totalPages);&#xA;  return(result);&#xA;}&#xA;processOutput();"/>
        <config-param api-version="" appid="" name="endpointUrl" value="http://api.remix.bestbuy.com/v1/products(categoryPath.id=$catId)?apiKey=6hkwtm67t9ybjttbsdfewhtn&amp;page=$pageNo"/>
        <config-param api-version="" appid="" name="ignorehttpproxy" value="true"/>
        <config-param api-version="" appid="" name="http.method" value="GET"/>
        <config-param api-version="" appid="" name="dataObjectName" value=""/>
        <config-param api-version="" appid="" name="sockettimeout" value=""/>
        <config-param api-version="" appid="" name="responseEncoding" value="UTF-8"/>
        <config-param api-version="" appid="" name="isembedxmlpresent" value="false"/>
        <config-param api-version="" appid="" name="retrycount" value="0"/>
    </service-config>
    <service-input passthrough="false">
        <header datatype="" name="" passthrough="false"/>
        <param datatype="string" defaultvalue="" description="" encode="true" format="None" formatvalue="" name="catId" order="" passnull="false" sms-name="" src="request" sourcevalue="" srcformatvalue="" target="request" targetdatatype="java.lang.String" testvalue="abcat0902001" value="">
            <accessType></accessType>
        </param>
        <param datatype="string" defaultvalue="" description="" encode="true" format="None" formatvalue="" name="pageNo" order="" passnull="false" sms-name="" src="request" sourcevalue="" srcformatvalue="" target="request" targetdatatype="java.lang.String" testvalue="1" value="">
            <accessType></accessType>
        </param>
    </service-input>
    <service-output passthrough="false">
        <dataset id="productList" order="" src="//products">
            <param datatype="string" defaultvalue="" description="" encode="true" format="None" formatvalue="" name="pName" order="" passnull="false" sms-name="" src="product/name" sourcevalue="" srcformatvalue="" target="session" targetdatatype="java.lang.String" testvalue="" value="">
                <accessType></accessType>
            </param>
            <param datatype="string" defaultvalue="" description="" encode="true" format="None" formatvalue="" name="pId" order="" passnull="false" sms-name="" src="product/productId" sourcevalue="" srcformatvalue="" target="session" targetdatatype="java.lang.String" testvalue="" value="">
                <accessType></accessType>
            </param>
            <param datatype="string" defaultvalue="" description="" encode="true" format="None" formatvalue="" name="pImage" order="" passnull="false" sms-name="" src="product/thumbnailImage" sourcevalue="" srcformatvalue="" target="session" targetdatatype="java.lang.String" testvalue="" value="">
                <accessType></accessType>
            </param>
            <param datatype="string" defaultvalue="" description="" encode="true" format="None" formatvalue="" name="pRegPrice" order="" passnull="false" sms-name="" src="product/regularPrice" sourcevalue="" srcformatvalue="" target="session" targetdatatype="java.lang.String" testvalue="" value="">
                <accessType></accessType>
            </param>
            <param datatype="string" defaultvalue="" description="" encode="true" format="None" formatvalue="" name="pSaleCheck" order="" passnull="false" sms-name="" src="product/onSale" sourcevalue="" srcformatvalue="" target="session" targetdatatype="java.lang.String" testvalue="" value="">
                <accessType></accessType>
            </param>
            <param datatype="string" defaultvalue="" description="" encode="true" format="None" formatvalue="" name="pSalePrice" order="" passnull="false" sms-name="" src="product/salePrice" sourcevalue="" srcformatvalue="" target="session" targetdatatype="java.lang.String" testvalue="" value="">
                <accessType></accessType>
            </param>
            <param datatype="string" defaultvalue="" description="" encode="true" format="None" formatvalue="" name="pAvgReview" order="" passnull="false" sms-name="" src="product/customerReviewAverage" sourcevalue="" srcformatvalue="" target="session" targetdatatype="java.lang.String" testvalue="" value="">
                <accessType></accessType>
            </param>
        </dataset>
        <param datatype="string" defaultvalue="" description="" encode="true" format="None" formatvalue="" name="currentPage" order="" passnull="false" sms-name="" src="/products/@currentPage" sourcevalue="" srcformatvalue="" target="response" targetdatatype="java.lang.String" testvalue="" value="">
            <accessType></accessType>
        </param>
        <param datatype="string" defaultvalue="" description="" encode="true" format="None" formatvalue="" name="totalPages" order="" passnull="false" sms-name="" src="/products/@totalPages" sourcevalue="" srcformatvalue="" target="response" targetdatatype="java.lang.String" testvalue="" value="">
            <accessType></accessType>
        </param>
    </service-output>
</service>
