{
    "DNDConfig": null,
    "_height_": {
        "type": "string",
        "value": "100%"
    },
    "_margin_": [
        0,
        0,
        0,
        0
    ],
    "_orientation_": 6,
    "_padding_": [
        0,
        0,
        0,
        0
    ],
    "_percent_": true,
    "_skin_": "s9ae2f7b621e4e93b88717e8c042f98e",
    "allboxes": [],
    "autogrowmode": 0,
    "canUpdateUI": true,
    "children": [
        "img2",
        "lblDesc",
        "flxLblVer",
        "RTxtMore"
    ],
    "clipbounds": true,
    "containerId": true,
    "containerweight": 100,
    "enablescrolling": true,
    "id": "flxCat3",
    "info": null,
    "isTemplate": true,
    "isvisible": true,
    "kuid": "6952681e7ce84af38822b568b282d3f0",
    "layouttype": 2,
    "name": "kony.ui.FlexContainer",
    "parent": "tempSeg3",
    "pf": "tempSeg3",
    "snapgridsize": 10,
    "snaptogrid": true,
    "wType": "FlexContainer",
    "widgetalignment": 1
}