{
    "__parentReadjusting__": false,
    "_padding_": [
        0,
        0,
        0,
        0
    ],
    "_skin_": "s82ec60c33d3430e8ef17574aff858e7",
    "_srcKuid_": "0cfb897e06954bb1a068796d7e032fae",
    "canUpdateUI": true,
    "channel": "mobile",
    "context": {},
    "dataDiffs": {
        "centerX": {
            "type": "string",
            "value": "50%"
        },
        "centerY": {
            "type": "string",
            "value": "50%"
        },
        "height": {
            "type": "string",
            "value": "75%"
        },
        "id": "imgBestBuy",
        "imageScaleMode": 1,
        "src": "bestbuylogo.png",
        "top": {
            "type": "string",
            "value": "9%"
        },
        "width": {
            "type": "string",
            "value": "31%"
        },
        "zIndex": 1
    },
    "id": "imgBestBuy",
    "instanceOf": "0cfb897e06954bb1a068796d7e032fae",
    "isvisible": true,
    "kuid": "mc753c2fda144730b98b280111ea7cfe",
    "masterInstance": true,
    "name": "kony.ui.Image2",
    "parent": "flxMaster",
    "pf": "frmPdetails",
    "topLevelInstanceKUID": "mb14652df27d4c4ba1e0ba3c3c2f9d11",
    "wType": "Image"
}