{
    "AS_Image_d5c65b684772437d979190f9f175f462": {
        "id": "AS_Image_d5c65b684772437d979190f9f175f462",
        "type": "ACTION_SEQUENCE",
        "params": [{
            "datatype": "collection",
            "name": "eventobject"
        }, {
            "datatype": "string",
            "name": "x"
        }, {
            "datatype": "string",
            "name": "y"
        }],
        "contextObj": {
            "name": "tmpMaster",
            "type": "masters",
            "KUID": "b0e4164231f04daab953a41607ae9372"
        },
        "language": "js",
        "actions": []
    }
}