{
    "@class": "com.kony.gen.viz.model.component.KVizButton",
    "DNDConfig": null,
    "__parentReadjusting__": false,
    "_height_": {
        "type": "string",
        "value": "50dp"
    },
    "_left_": {
        "type": "string",
        "value": "70%"
    },
    "_margin_": [
        6,
        6,
        6,
        6
    ],
    "_padding_": [
        0,
        0,
        0,
        0
    ],
    "_skin_": "s0ef63a32de24d63b590ebc53cce1171",
    "_text_": "Cancle",
    "_top_": {
        "type": "string",
        "value": "0dp"
    },
    "_width_": {
        "type": "string",
        "value": "27%"
    },
    "canUpdateUI": true,
    "centery": {
        "type": "string",
        "value": "50%"
    },
    "containerweight": 100,
    "contentalignment": 5,
    "displaytext": true,
    "focusskin": "s3cb0d71e84c459d8839fe3c66c57fca",
    "id": "btnGoSearch",
    "ide_onClick": "AS_Button_je1d609c4ce5411dba51980d9d598ab9",
    "info": null,
    "isvisible": true,
    "kuid": "b1367b7537724db78f074b1af876328b",
    "name": "kony.ui.Button",
    "parent": "flxCon2",
    "pf": "frmCat",
    "wType": "Button",
    "zindex": 1
}