{
    "__parentReadjusting__": false,
    "_padding_": [
        0,
        0,
        0,
        0
    ],
    "_skin_": "s82ec60c33d3430e8ef17574aff858e7",
    "_srcKuid_": "0cfb897e06954bb1a068796d7e032fae",
    "canUpdateUI": true,
    "channel": "mobile",
    "context": {},
    "dataDiffs": {
        "centerX": {
            "type": "string",
            "value": "48.01%"
        },
        "centerY": {
            "type": "string",
            "value": "48.31%"
        },
        "height": {
            "type": "string",
            "value": "75%"
        },
        "id": "imgBestBuy",
        "imageScaleMode": 1,
        "left": {
            "type": "string",
            "value": "140%"
        },
        "src": "bestbuylogo.png",
        "top": {
            "type": "string",
            "value": "9%"
        },
        "width": {
            "type": "string",
            "value": "31%"
        },
        "zIndex": 1
    },
    "id": "imgBestBuy",
    "instanceOf": "0cfb897e06954bb1a068796d7e032fae",
    "isvisible": true,
    "kuid": "m6442394f8c4460abc0ed0c2104bca69",
    "masterInstance": true,
    "name": "kony.ui.Image2",
    "parent": "flxMaster",
    "pf": "frmProd",
    "topLevelInstanceKUID": "md895213a0c347689d6395896235de8f",
    "wType": "Image"
}