{
    "@class": "com.kony.gen.viz.model.component.KVizDateField",
    "DNDConfig": null,
    "Image": "calbtn.png",
    "__id": "frmCse_Calendar007588585828847",
    "__input": "Calendar007588585828847",
    "__parentReadjusting__": false,
    "_data_": null,
    "_date_": "8/5/2017",
    "_height_": {
        "type": "string",
        "value": "50dp"
    },
    "_left_": {
        "type": "string",
        "value": "40dp"
    },
    "_margin_": [
        0,
        0,
        0,
        0
    ],
    "_padding_": [
        0,
        0,
        0,
        0
    ],
    "_placeholder_": "go for time",
    "_skin_": "s1daa3afcb4d4a97bd5dded0c23e88cc",
    "_top_": {
        "type": "string",
        "value": "22%"
    },
    "_width_": {
        "type": "string",
        "value": "260dp"
    },
    "advview": "default",
    "calendaricon": "calbtn.png",
    "canUpdateUI": true,
    "containerweight": 100,
    "contentalignment": 5,
    "datecomponents": [
        8,
        5,
        2017,
        0,
        0,
        0
    ],
    "dateeditable": true,
    "dateformat": "dd/MM/yyyy",
    "datesGroup": [],
    "datesState": 0,
    "day": 8,
    "daytextalignmentincell": 5,
    "desktopweb": {
        "psp": {
            "noOfMonths": 1,
            "titleOnPopup": "Its calender"
        }
    },
    "displayedMonths": [
        5,
        2017
    ],
    "entereddate": [
        8,
        5,
        2017,
        0,
        0,
        0
    ],
    "format": "dd/MM/yyyy",
    "formatteddate": "08/05/2017",
    "hidedaysheader": false,
    "hidemonthsheader": false,
    "hour": 0,
    "id": "Calendar007588585828847",
    "info": null,
    "invokedProperty": "leftNavigationImage",
    "isvisible": true,
    "kiosk": {
        "viewType": "onscreen"
    },
    "kuid": "85e7287388fe4c44a1e2d48060144e3c",
    "minutes": 0,
    "month": 5,
    "monthsinrow": 3,
    "name": "kony.ui.Calendar",
    "navigatorAlert": "Invalid Selection",
    "noofmonths": 1,
    "pagedate": "/2017",
    "parent": "FlexContainer05cb62b880cf447",
    "pf": "frmCse",
    "popupHeight": "auto",
    "popupWidth": "auto",
    "seconds": 0,
    "selectdate": "//2017",
    "startDay": 0,
    "viewconfig": {
        "gridConfig": {},
        "gridconfig": ""
    },
    "viewtype": "default",
    "wType": "Calendar",
    "widgetalignment": 5,
    "widths": [
        "14.2857%;",
        "14.2857%;",
        "14.2857%;",
        "14.2857%;",
        "14.2857%;",
        "14.2857%;",
        "14.2857%;"
    ],
    "year": 2017,
    "zindex": 1
}