{
  "android": {
    "background_gradient_bottom_color": "9ce6ffff",
    "background_gradient_top_color": "ffffffff",
    "background_style": "vg",
    "bg_type": "two",
    "font_color": "1f1f1fff",
    "font_size": 140,
    "isForked": true,
    "text_shadow": {
      "br": 0,
      "color": "000000ff",
      "x": 0,
      "y": -1
    }
  },
  "background_color": "56a9ddff",
  "bg_type": "one",
  "border_color": "ffffffff",
  "border_style": "plain",
  "border_type": 0,
  "border_width": 0,
  "desktopweb": {
    "background_gradient_bottom_color": "9ce6ffff",
    "background_gradient_top_color": "ffffffff",
    "background_style": "vg",
    "bg_type": "two",
    "bottom_left_border_color": "ffffffff",
    "bottom_left_border_radius": 10,
    "bottom_left_border_style": "rc",
    "bottom_left_border_width": "1",
    "bottom_right_border_color": "ffffffff",
    "bottom_right_border_radius": 10,
    "bottom_right_border_style": "rc",
    "bottom_right_border_width": "1",
    "font_color": "1f1f1fff",
    "font_size": 140,
    "isForked": true,
    "shadow": {
      "br": 2,
      "color": "000000ff",
      "inner": false,
      "nm": 0,
      "x": 0,
      "y": 2
    },
    "text_shadow": {
      "br": 0,
      "color": "000000ff",
      "x": 0,
      "y": -1
    },
    "top_left_border_color": "ffffffff",
    "top_left_border_radius": 10,
    "top_left_border_style": "rc",
    "top_left_border_width": "1",
    "top_right_border_color": "ffffffff",
    "top_right_border_radius": 10,
    "top_right_border_style": "rc",
    "top_right_border_width": "1"
  },
  "fontSizeInPx": false,
  "font_color": "ffffffff",
  "font_name": "Helvetica",
  "font_size": 148,
  "font_style": "normal",
  "font_weight": "normal",
  "ipad": {
    "background_gradient_bottom_color": "9ce6ffff",
    "background_gradient_top_color": "ffffffff",
    "background_style": "vg",
    "bg_type": "two",
    "font_color": "1f1f1fff",
    "font_size": 140,
    "isForked": true,
    "text_shadow": {
      "br": 0,
      "color": "000000ff",
      "x": 0,
      "y": -1
    }
  },
  "iphone": {
    "background_gradient_bottom_color": "9ce6ffff",
    "background_gradient_top_color": "ffffffff",
    "background_style": "vg",
    "bg_type": "two",
    "font_color": "1f1f1fff",
    "font_size": 140,
    "isForked": true,
    "text_shadow": {
      "br": 0,
      "color": "000000ff",
      "x": 0,
      "y": -1
    }
  },
  "isDefaultSkin": false,
  "kiosk": {
    "background_gradient_bottom_color": "9ce6ffff",
    "background_gradient_top_color": "ffffffff",
    "background_style": "vg",
    "bg_type": "two",
    "font_color": "1f1f1fff",
    "font_size": 140,
    "isForked": true
  },
  "kuid": "s9dff07cf93e4edd9be845498b8aa20a",
  "spaan": {
    "background_gradient_bottom_color": "9ce6ffff",
    "background_gradient_top_color": "ffffffff",
    "background_style": "vg",
    "bg_type": "two",
    "bottom_left_border_color": "ffffffff",
    "bottom_left_border_radius": 10,
    "bottom_left_border_style": "rc",
    "bottom_left_border_width": "1",
    "bottom_right_border_color": "ffffffff",
    "bottom_right_border_radius": 10,
    "bottom_right_border_style": "rc",
    "bottom_right_border_width": "1",
    "font_color": "1f1f1fff",
    "font_size": 140,
    "isForked": true,
    "shadow": {
      "br": 2,
      "color": "000000ff",
      "inner": false,
      "nm": 0,
      "x": 0,
      "y": 2
    },
    "text_shadow": {
      "br": 0,
      "color": "000000ff",
      "x": 0,
      "y": -1
    },
    "top_left_border_color": "ffffffff",
    "top_left_border_radius": 10,
    "top_left_border_style": "rc",
    "top_left_border_width": "1",
    "top_right_border_color": "ffffffff",
    "top_right_border_radius": 10,
    "top_right_border_style": "rc",
    "top_right_border_width": "1"
  },
  "spaandroidtablet": {
    "background_gradient_bottom_color": "9ce6ffff",
    "background_gradient_top_color": "ffffffff",
    "background_style": "vg",
    "bg_type": "two",
    "bottom_left_border_color": "ffffffff",
    "bottom_left_border_radius": 10,
    "bottom_left_border_style": "rc",
    "bottom_left_border_width": "1",
    "bottom_right_border_color": "ffffffff",
    "bottom_right_border_radius": 10,
    "bottom_right_border_style": "rc",
    "bottom_right_border_width": "1",
    "font_color": "1f1f1fff",
    "font_size": 140,
    "isForked": true,
    "shadow": {
      "br": 2,
      "color": "000000ff",
      "inner": false,
      "nm": 0,
      "x": 0,
      "y": 2
    },
    "text_shadow": {
      "br": 0,
      "color": "000000ff",
      "x": 0,
      "y": -1
    },
    "top_left_border_color": "ffffffff",
    "top_left_border_radius": 10,
    "top_left_border_style": "rc",
    "top_left_border_width": "1",
    "top_right_border_color": "ffffffff",
    "top_right_border_radius": 10,
    "top_right_border_style": "rc",
    "top_right_border_width": "1"
  },
  "spabb": {
    "background_gradient_bottom_color": "9ce6ffff",
    "background_gradient_top_color": "ffffffff",
    "background_style": "vg",
    "bg_type": "two",
    "bottom_left_border_color": "ffffffff",
    "bottom_left_border_radius": 10,
    "bottom_left_border_style": "rc",
    "bottom_left_border_width": "1",
    "bottom_right_border_color": "ffffffff",
    "bottom_right_border_radius": 10,
    "bottom_right_border_style": "rc",
    "bottom_right_border_width": "1",
    "font_color": "1f1f1fff",
    "font_size": 140,
    "isForked": true,
    "shadow": {
      "br": 2,
      "color": "000000ff",
      "inner": false,
      "nm": 0,
      "x": 0,
      "y": 2
    },
    "text_shadow": {
      "br": 0,
      "color": "000000ff",
      "x": 0,
      "y": -1
    },
    "top_left_border_color": "ffffffff",
    "top_left_border_radius": 10,
    "top_left_border_style": "rc",
    "top_left_border_width": "1",
    "top_right_border_color": "ffffffff",
    "top_right_border_radius": 10,
    "top_right_border_style": "rc",
    "top_right_border_width": "1"
  },
  "spaip": {
    "background_gradient_bottom_color": "9ce6ffff",
    "background_gradient_top_color": "ffffffff",
    "background_style": "vg",
    "bg_type": "two",
    "bottom_left_border_color": "ffffffff",
    "bottom_left_border_radius": 10,
    "bottom_left_border_style": "rc",
    "bottom_left_border_width": "1",
    "bottom_right_border_color": "ffffffff",
    "bottom_right_border_radius": 10,
    "bottom_right_border_style": "rc",
    "bottom_right_border_width": "1",
    "font_color": "1f1f1fff",
    "font_size": 140,
    "isForked": true,
    "shadow": {
      "br": 2,
      "color": "000000ff",
      "inner": false,
      "nm": 0,
      "x": 0,
      "y": 2
    },
    "text_shadow": {
      "br": 0,
      "color": "000000ff",
      "x": 0,
      "y": -1
    },
    "top_left_border_color": "ffffffff",
    "top_left_border_radius": 10,
    "top_left_border_style": "rc",
    "top_left_border_width": "1",
    "top_right_border_color": "ffffffff",
    "top_right_border_radius": 10,
    "top_right_border_style": "rc",
    "top_right_border_width": "1"
  },
  "spaipad": {
    "background_gradient_bottom_color": "9ce6ffff",
    "background_gradient_top_color": "ffffffff",
    "background_style": "vg",
    "bg_type": "two",
    "bottom_left_border_color": "ffffffff",
    "bottom_left_border_radius": 10,
    "bottom_left_border_style": "rc",
    "bottom_left_border_width": "1",
    "bottom_right_border_color": "ffffffff",
    "bottom_right_border_radius": 10,
    "bottom_right_border_style": "rc",
    "bottom_right_border_width": "1",
    "font_color": "1f1f1fff",
    "font_size": 140,
    "isForked": true,
    "shadow": {
      "br": 2,
      "color": "000000ff",
      "inner": false,
      "nm": 0,
      "x": 0,
      "y": 2
    },
    "text_shadow": {
      "br": 0,
      "color": "000000ff",
      "x": 0,
      "y": -1
    },
    "top_left_border_color": "ffffffff",
    "top_left_border_radius": 10,
    "top_left_border_style": "rc",
    "top_left_border_width": "1",
    "top_right_border_color": "ffffffff",
    "top_right_border_radius": 10,
    "top_right_border_style": "rc",
    "top_right_border_width": "1"
  },
  "spawindowstablet": {
    "background_gradient_bottom_color": "9ce6ffff",
    "background_gradient_top_color": "ffffffff",
    "background_style": "vg",
    "bg_type": "two",
    "bottom_left_border_color": "ffffffff",
    "bottom_left_border_radius": 10,
    "bottom_left_border_style": "rc",
    "bottom_left_border_width": "1",
    "bottom_right_border_color": "ffffffff",
    "bottom_right_border_radius": 10,
    "bottom_right_border_style": "rc",
    "bottom_right_border_width": "1",
    "font_color": "1f1f1fff",
    "font_size": 140,
    "isForked": true,
    "shadow": {
      "br": 2,
      "color": "000000ff",
      "inner": false,
      "nm": 0,
      "x": 0,
      "y": 2
    },
    "text_shadow": {
      "br": 0,
      "color": "000000ff",
      "x": 0,
      "y": -1
    },
    "top_left_border_color": "ffffffff",
    "top_left_border_radius": 10,
    "top_left_border_style": "rc",
    "top_left_border_width": "1",
    "top_right_border_color": "ffffffff",
    "top_right_border_radius": 10,
    "top_right_border_style": "rc",
    "top_right_border_width": "1"
  },
  "spawinphone8": {
    "background_gradient_bottom_color": "9ce6ffff",
    "background_gradient_top_color": "ffffffff",
    "background_style": "vg",
    "bg_type": "two",
    "bottom_left_border_color": "ffffffff",
    "bottom_left_border_radius": 10,
    "bottom_left_border_style": "rc",
    "bottom_left_border_width": "1",
    "bottom_right_border_color": "ffffffff",
    "bottom_right_border_radius": 10,
    "bottom_right_border_style": "rc",
    "bottom_right_border_width": "1",
    "font_color": "1f1f1fff",
    "font_size": 140,
    "isForked": true,
    "shadow": {
      "br": 2,
      "color": "000000ff",
      "inner": false,
      "nm": 0,
      "x": 0,
      "y": 2
    },
    "text_shadow": {
      "br": 0,
      "color": "000000ff",
      "x": 0,
      "y": -1
    },
    "top_left_border_color": "ffffffff",
    "top_left_border_radius": 10,
    "top_left_border_style": "rc",
    "top_left_border_width": "1",
    "top_right_border_color": "ffffffff",
    "top_right_border_radius": 10,
    "top_right_border_style": "rc",
    "top_right_border_width": "1"
  },
  "tabrcandroid": {
    "background_gradient_bottom_color": "9ce6ffff",
    "background_gradient_top_color": "ffffffff",
    "background_style": "vg",
    "bg_type": "two",
    "font_color": "1f1f1fff",
    "font_size": 140,
    "isForked": true,
    "text_shadow": {
      "br": 0,
      "color": "000000ff",
      "x": 0,
      "y": -1
    }
  },
  "wType": "Button",
  "watchos": {
    "font_color": "1f1f1fff",
    "font_size": 140,
    "isForked": true
  },
  "windows8": {
    "background_gradient_bottom_color": "9ce6ffff",
    "background_gradient_top_color": "ffffffff",
    "background_style": "vg",
    "bg_type": "two",
    "font_color": "1f1f1fff",
    "font_size": 140,
    "isForked": true
  },
  "winphone8": {
    "background_gradient_bottom_color": "9ce6ffff",
    "background_gradient_top_color": "ffffffff",
    "background_style": "vg",
    "bg_type": "two",
    "font_color": "1f1f1fff",
    "font_size": 140,
    "isForked": true
  }
}