{
  "android": {
    "background_gradient_bottom_color": "9999f0ff",
    "background_gradient_top_color": "f7f7f7ff",
    "background_style": "vg",
    "bg_type": "two",
    "font_color": "ffffffff",
    "font_size": 100,
    "font_style": "normal",
    "font_weight": "normal",
    "isForked": true
  },
  "background_color": "ffffffff",
  "bg_type": "one",
  "border_color": "000000ff",
  "border_style": "plain",
  "border_type": 0,
  "border_width": 0,
  "delinkedPltfrms": {
    "desktop": [],
    "mobile": [
      "spaan"
    ],
    "tablet": [],
    "watch": []
  },
  "desktopweb": {
    "background_gradient_bottom_color": "9999f0ff",
    "background_gradient_top_color": "f7f7f7ff",
    "background_style": "vg",
    "bg_type": "two",
    "border_type": 0,
    "bottom_left_border_color": "000000ff",
    "bottom_left_border_style": "plain",
    "bottom_left_border_width": 0,
    "bottom_right_border_color": "000000ff",
    "bottom_right_border_style": "plain",
    "bottom_right_border_width": 0,
    "font_color": "ffffffff",
    "font_name": "Arial",
    "font_size": 100,
    "font_style": "normal",
    "font_weight": "normal",
    "isForked": true,
    "top_left_border_color": "000000ff",
    "top_left_border_style": "plain",
    "top_left_border_width": 0,
    "top_right_border_color": "000000ff",
    "top_right_border_style": "plain",
    "top_right_border_width": 0
  },
  "ipad": {
    "background_gradient_bottom_color": "9999f0ff",
    "background_gradient_top_color": "f7f7f7ff",
    "background_style": "vg",
    "bg_type": "two",
    "font_color": "ffffffff",
    "font_name": "Arial",
    "font_size": 100,
    "font_style": "normal",
    "font_weight": "normal",
    "isForked": true
  },
  "iphone": {
    "background_gradient_bottom_color": "9999f0ff",
    "background_gradient_top_color": "f7f7f7ff",
    "background_style": "vg",
    "bg_type": "two",
    "font_color": "ffffffff",
    "font_name": "Arial",
    "font_size": 100,
    "font_style": "normal",
    "font_weight": "normal",
    "isForked": true
  },
  "isDefaultSkin": false,
  "kiosk": {
    "background_color": {
      "angle": 0,
      "colors": [
        "e6e6f0ff",
        "9898edff",
        "9898edff",
        "4848f0ff"
      ],
      "cs": [
        0,
        48,
        71,
        97
      ],
      "gradientType": "toTop",
      "gt": "linear"
    },
    "background_style": "linear",
    "bg_type": "ms_gradient",
    "font_color": "ffffffff",
    "font_size": 100,
    "font_style": "normal",
    "font_weight": "normal",
    "isForked": true
  },
  "kuid": "s07610ef224946aea7bca209145929fc",
  "spaan": {
    "background_gradient_bottom_color": "9999f0ff",
    "background_gradient_top_color": "f7f7f7ff",
    "background_style": "vg",
    "bg_type": "two",
    "border_type": 0,
    "bottom_left_border_color": "000000ff",
    "bottom_left_border_style": "plain",
    "bottom_left_border_width": 0,
    "bottom_right_border_color": "000000ff",
    "bottom_right_border_style": "plain",
    "bottom_right_border_width": 0,
    "font_color": "ffffffff",
    "font_name": "Arial",
    "font_size": 100,
    "font_style": "normal",
    "font_weight": "normal",
    "isForked": true,
    "top_left_border_color": "000000ff",
    "top_left_border_style": "plain",
    "top_left_border_width": 0,
    "top_right_border_color": "000000ff",
    "top_right_border_style": "plain",
    "top_right_border_width": 0
  },
  "spaandroidtablet": {
    "background_gradient_bottom_color": "9999f0ff",
    "background_gradient_top_color": "f7f7f7ff",
    "background_style": "vg",
    "bg_type": "two",
    "border_type": 0,
    "bottom_left_border_color": "000000ff",
    "bottom_left_border_style": "plain",
    "bottom_left_border_width": 0,
    "bottom_right_border_color": "000000ff",
    "bottom_right_border_style": "plain",
    "bottom_right_border_width": 0,
    "font_color": "ffffffff",
    "font_name": "Arial",
    "font_size": 100,
    "font_style": "normal",
    "font_weight": "normal",
    "isForked": true,
    "top_left_border_color": "000000ff",
    "top_left_border_style": "plain",
    "top_left_border_width": 0,
    "top_right_border_color": "000000ff",
    "top_right_border_style": "plain",
    "top_right_border_width": 0
  },
  "spabb": {
    "background_gradient_bottom_color": "9999f0ff",
    "background_gradient_top_color": "f7f7f7ff",
    "background_style": "vg",
    "bg_type": "two",
    "border_type": 0,
    "bottom_left_border_color": "000000ff",
    "bottom_left_border_style": "plain",
    "bottom_left_border_width": 0,
    "bottom_right_border_color": "000000ff",
    "bottom_right_border_style": "plain",
    "bottom_right_border_width": 0,
    "font_color": "ffffffff",
    "font_name": "Arial",
    "font_size": 100,
    "font_style": "normal",
    "font_weight": "normal",
    "isForked": true,
    "top_left_border_color": "000000ff",
    "top_left_border_style": "plain",
    "top_left_border_width": 0,
    "top_right_border_color": "000000ff",
    "top_right_border_style": "plain",
    "top_right_border_width": 0
  },
  "spaip": {
    "background_gradient_bottom_color": "9999f0ff",
    "background_gradient_top_color": "f7f7f7ff",
    "background_style": "vg",
    "bg_type": "two",
    "border_type": 0,
    "bottom_left_border_color": "000000ff",
    "bottom_left_border_style": "plain",
    "bottom_left_border_width": 0,
    "bottom_right_border_color": "000000ff",
    "bottom_right_border_style": "plain",
    "bottom_right_border_width": 0,
    "font_color": "ffffffff",
    "font_name": "Arial",
    "font_size": 100,
    "font_style": "normal",
    "font_weight": "normal",
    "isForked": true,
    "top_left_border_color": "000000ff",
    "top_left_border_style": "plain",
    "top_left_border_width": 0,
    "top_right_border_color": "000000ff",
    "top_right_border_style": "plain",
    "top_right_border_width": 0
  },
  "spaipad": {
    "background_gradient_bottom_color": "9999f0ff",
    "background_gradient_top_color": "f7f7f7ff",
    "background_style": "vg",
    "bg_type": "two",
    "border_type": 0,
    "bottom_left_border_color": "000000ff",
    "bottom_left_border_style": "plain",
    "bottom_left_border_width": 0,
    "bottom_right_border_color": "000000ff",
    "bottom_right_border_style": "plain",
    "bottom_right_border_width": 0,
    "font_color": "ffffffff",
    "font_name": "Arial",
    "font_size": 100,
    "font_style": "normal",
    "font_weight": "normal",
    "isForked": true,
    "top_left_border_color": "000000ff",
    "top_left_border_style": "plain",
    "top_left_border_width": 0,
    "top_right_border_color": "000000ff",
    "top_right_border_style": "plain",
    "top_right_border_width": 0
  },
  "spawindowstablet": {
    "background_gradient_bottom_color": "9999f0ff",
    "background_gradient_top_color": "f7f7f7ff",
    "background_style": "vg",
    "bg_type": "two",
    "border_type": 0,
    "bottom_left_border_color": "000000ff",
    "bottom_left_border_style": "plain",
    "bottom_left_border_width": 0,
    "bottom_right_border_color": "000000ff",
    "bottom_right_border_style": "plain",
    "bottom_right_border_width": 0,
    "font_color": "ffffffff",
    "font_name": "Arial",
    "font_size": 100,
    "font_style": "normal",
    "font_weight": "normal",
    "isForked": true,
    "top_left_border_color": "000000ff",
    "top_left_border_style": "plain",
    "top_left_border_width": 0,
    "top_right_border_color": "000000ff",
    "top_right_border_style": "plain",
    "top_right_border_width": 0
  },
  "spawinphone8": {
    "background_gradient_bottom_color": "9999f0ff",
    "background_gradient_top_color": "f7f7f7ff",
    "background_style": "vg",
    "bg_type": "two",
    "border_type": 0,
    "bottom_left_border_color": "000000ff",
    "bottom_left_border_style": "plain",
    "bottom_left_border_width": 0,
    "bottom_right_border_color": "000000ff",
    "bottom_right_border_style": "plain",
    "bottom_right_border_width": 0,
    "font_color": "ffffffff",
    "font_name": "Arial",
    "font_size": 100,
    "font_style": "normal",
    "font_weight": "normal",
    "isForked": true,
    "top_left_border_color": "000000ff",
    "top_left_border_style": "plain",
    "top_left_border_width": 0,
    "top_right_border_color": "000000ff",
    "top_right_border_style": "plain",
    "top_right_border_width": 0
  },
  "tabrcandroid": {
    "background_gradient_bottom_color": "9999f0ff",
    "background_gradient_top_color": "f7f7f7ff",
    "background_style": "vg",
    "bg_type": "two",
    "font_color": "ffffffff",
    "font_size": 100,
    "font_style": "normal",
    "font_weight": "normal",
    "isForked": true
  },
  "wType": "Segment",
  "windows8": {
    "background_color": {
      "angle": 0,
      "colors": [
        "e6e6f0ff",
        "9898edff",
        "9898edff",
        "4848f0ff"
      ],
      "cs": [
        0,
        48,
        71,
        97
      ],
      "gradientType": "toTop",
      "gt": "linear"
    },
    "background_style": "linear",
    "bg_type": "ms_gradient",
    "font_color": "ffffffff",
    "font_size": 100,
    "font_style": "normal",
    "font_weight": "normal",
    "isForked": true
  },
  "winphone8": {
    "background_color": {
      "angle": 0,
      "colors": [
        "e6e6f0ff",
        "9898edff",
        "9898edff",
        "4848f0ff"
      ],
      "cs": [
        0,
        48,
        71,
        97
      ],
      "gradientType": "toTop",
      "gt": "linear"
    },
    "background_style": "linear",
    "bg_type": "ms_gradient",
    "font_color": "ffffffff",
    "font_size": 100,
    "font_style": "normal",
    "font_weight": "normal",
    "isForked": true
  }
}