{
  "android": {
    "font_size": 125,
    "isForked": false
  },
  "background_color": "70383800",
  "bg_type": "one",
  "border_color": "424242ff",
  "border_style": "plain",
  "border_type": 0,
  "border_width": 0,
  "desktopweb": {
    "font_size": 125,
    "isForked": false
  },
  "fontSizeInPx": false,
  "font_color": "2e2c2cff",
  "font_name": "Helvetica",
  "font_size": 125,
  "font_style": "normal",
  "font_weight": "normal",
  "ipad": {
    "font_size": 125,
    "isForked": false
  },
  "iphone": {
    "font_size": 125,
    "isForked": false
  },
  "isDefaultSkin": false,
  "kiosk": {
    "font_size": 125,
    "isForked": false
  },
  "kuid": "s858c7fb1dc74e10826f0aee88f22c5a",
  "spaan": {
    "font_size": 125,
    "isForked": false
  },
  "spaandroidtablet": {
    "font_size": 125,
    "isForked": false
  },
  "spabb": {
    "font_size": 125,
    "isForked": false
  },
  "spaip": {
    "font_size": 125,
    "isForked": false
  },
  "spaipad": {
    "font_size": 125,
    "isForked": false
  },
  "spawindowstablet": {
    "font_size": 125,
    "isForked": false
  },
  "spawinphone8": {
    "font_size": 125,
    "isForked": false
  },
  "tabrcandroid": {
    "font_size": 125,
    "isForked": false
  },
  "wType": "Label",
  "watchos": {
    "font_size": 125,
    "isForked": false
  },
  "windows8": {
    "font_size": 125,
    "isForked": false
  },
  "winphone8": {
    "font_size": 125,
    "isForked": false
  }
}