{
    "AS_Form_192cf810787e4c31afdc59dc734c116f": {
        "id": "AS_Form_192cf810787e4c31afdc59dc734c116f",
        "type": "ACTION_SEQUENCE",
        "params": [{
            "datatype": "collection",
            "name": "eventobject"
        }],
        "contextObj": {
            "name": "frmCat",
            "type": "forms",
            "platform": "",
            "KUID": "6ff7fd6cff4b4f36afa668f91de717b2"
        },
        "language": "js",
        "actions": [{
            "id": "INVOKE_FUNCTION___280b53f137144d20bbad839cf1d49f8c",
            "type": "INVOKE_FUNCTION",
            "sequenceKUID": "scrollAnimation",
            "display": "scrollAnimation",
            "inputparams": [],
            "parentId": null,
            "callbackType": null,
            "disabled": null,
            "source": "module"
        }]
    }
}