{
    "AS_Image_a2c81daa1c654326a37d44a0fa2a8ce1": {
        "id": "AS_Image_a2c81daa1c654326a37d44a0fa2a8ce1",
        "type": "ACTION_SEQUENCE",
        "params": [{
            "datatype": "collection",
            "name": "eventobject"
        }, {
            "datatype": "string",
            "name": "x"
        }, {
            "datatype": "string",
            "name": "y"
        }],
        "contextObj": {
            "name": "frmCat",
            "type": "forms",
            "platform": "",
            "KUID": "6ff7fd6cff4b4f36afa668f91de717b2"
        },
        "sourceObj": {
            "itemKUID": "b0e4164231f04daab953a41607ae9372",
            "widgetKUID": "f369bf9002a5450f9403ce3423e5e1f8",
            "evt": "onTouchEnd",
            "platform": null
        },
        "language": "js",
        "actions": [{
            "id": "NAMED_ACTION____d1d9465b47c546d2b3fe3f5fa0adc70a",
            "type": "NAMED_ACTION",
            "sequenceKUID": "AS_Image_f16eb3fc58b4427aafed9a67fb211e46",
            "display": "AS_Image_f16eb3fc58b4427aafed9a67fb211e46",
            "inputparams": [{
                "datatype": "collection",
                "name": "eventobject",
                "value": "eventobject"
            }, {
                "datatype": "string",
                "name": "x",
                "value": "x"
            }, {
                "datatype": "string",
                "name": "y",
                "value": "y"
            }],
            "parentId": null,
            "callbackType": null,
            "disabled": false,
            "isMasterInstanceAction": true
        }]
    }
}