{
    "AS_Image_f74dbe513d044dc38869896412275df7": {
        "id": "AS_Image_f74dbe513d044dc38869896412275df7",
        "type": "ACTION_SEQUENCE",
        "params": [{
            "datatype": "collection",
            "name": "eventobject"
        }, {
            "datatype": "string",
            "name": "x"
        }, {
            "datatype": "string",
            "name": "y"
        }],
        "contextObj": {
            "name": "frmCat",
            "type": "forms",
            "platform": "",
            "KUID": "6ff7fd6cff4b4f36afa668f91de717b2"
        },
        "sourceObj": {
            "itemKUID": "b0e4164231f04daab953a41607ae9372",
            "widgetKUID": "f369bf9002a5450f9403ce3423e5e1f8",
            "evt": "onTouchStart"
        },
        "language": "js",
        "actions": [{
            "id": "ADD_SNIPPET__i94d3ddf38714624988076cf05770daf",
            "type": "ADD_SNIPPET",
            "codeSnippet": "frmCat.flxMaster.imgBack.setVisibility(false);\nfrmCat.flxCon1.setVisibility(true);\nfrmCat.flxCon2.setVisibility(true);\nkony.print(\"value of flx container\"+frmCat.flxCon1.zIndex);\n//frmCat.tbxSearch.setVisibility(true);\n//frmCat.tbxSearch.zIndex=\"5\";\n//frmCat.tbxSearch.text=\"Search\";\n//frmCat.btnGoSearch.setVisibility(true);\n//frmCat.btnGoSearch.zIndex=\"5\";\n//frmCat.segCat.zIndex=\"2\";\nkony.print(\"value of segment\"+frmCat.segCat.zIndex);\n//frmCat.forceLayout();\nmoveAnimation();",
            "parentId": null,
            "callbackType": null
        }]
    }
}