{
    "AS_Image_db0f5fefa5b4402b9c2a498f56a562a6": {
        "id": "AS_Image_db0f5fefa5b4402b9c2a498f56a562a6",
        "type": "ACTION_SEQUENCE",
        "params": [{
            "datatype": "collection",
            "name": "eventobject"
        }, {
            "datatype": "string",
            "name": "x"
        }, {
            "datatype": "string",
            "name": "y"
        }],
        "language": "js",
        "actions": [{
            "id": "INVOKE_FUNCTION___85360a6748694fab9004527aa714e7f7",
            "type": "INVOKE_FUNCTION",
            "sequenceKUID": "onClickBack3",
            "display": "onClickBack3",
            "inputparams": [],
            "parentId": null,
            "callbackType": null,
            "disabled": null,
            "source": "module"
        }]
    }
}