{
    "AS_Image_3ff8269b7729481dab6188df7b97312c": {
        "id": "AS_Image_3ff8269b7729481dab6188df7b97312c",
        "type": "ACTION_SEQUENCE",
        "params": [{
            "datatype": "collection",
            "name": "eventobject"
        }, {
            "datatype": "string",
            "name": "x"
        }, {
            "datatype": "string",
            "name": "y"
        }],
        "contextObj": {
            "name": "frmCat",
            "type": "forms",
            "platform": "",
            "KUID": "6ff7fd6cff4b4f36afa668f91de717b2"
        },
        "language": "js",
        "actions": []
    }
}