{
    "AS_Image_56ccf0cded664f059c44cb7f237d0322": {
        "id": "AS_Image_56ccf0cded664f059c44cb7f237d0322",
        "type": "ACTION_SEQUENCE",
        "params": [{
            "datatype": "collection",
            "name": "eventobject"
        }, {
            "datatype": "string",
            "name": "x"
        }, {
            "datatype": "string",
            "name": "y"
        }],
        "contextObj": {
            "name": "frmCat",
            "type": "forms",
            "platform": "",
            "KUID": "6ff7fd6cff4b4f36afa668f91de717b2"
        },
        "language": "js",
        "actions": [{
            "id": "ADD_SNIPPET__a9e5708914cb48e3a318ee318f055f6c",
            "type": "ADD_SNIPPET",
            "codeSnippet": "frmCat.flxCon1.setVisibility(true);\nfrmCat.flxCon1.zIndex=\"5\";\nfrmCat.flxCon2.zIndex=\"5\";\nkony.print(\"value of flx container\"+frmCat.flxCon1.zIndex);\nfrmCat.tbxSearch.setVisibility(true);\nfrmCat.tbxSearch.zIndex=\"5\";\nfrmCat.tbxSearch.text=\"Search\";\nfrmCat.btnGoSearch.setVisibility(true);\nfrmCat.btnGoSearch.zIndex=\"5\";\nfrmCat.segCat.zIndex=\"2\";\nkony.print(\"value of segment\"+frmCat.segCat.zIndex);\nfrmCat.forceLayout();\nmoveAnimation();",
            "parentId": null,
            "callbackType": null
        }]
    }
}