{
    "AS_Button_f003de79f3d94b3689babfb3b71bca41": {
        "id": "AS_Button_f003de79f3d94b3689babfb3b71bca41",
        "type": "ACTION_SEQUENCE",
        "params": [{
            "datatype": "collection",
            "name": "eventobject"
        }],
        "contextObj": {
            "name": "frmProd",
            "type": "forms",
            "platform": "",
            "KUID": "4bd2b06ab78f4ea892f4d461e040304d"
        },
        "language": "js",
        "actions": [{
            "id": "INVOKE_FUNCTION___c2f2b4ff3d1549f08f513f934e6435af",
            "type": "INVOKE_FUNCTION",
            "sequenceKUID": "goNext",
            "display": "goNext",
            "inputparams": [],
            "parentId": null,
            "callbackType": null,
            "disabled": null,
            "source": "module"
        }]
    }
}