{
    "AS_Button_87e568fd39a4468fa7db6c595a4a71d1": {
        "id": "AS_Button_87e568fd39a4468fa7db6c595a4a71d1",
        "type": "ACTION_SEQUENCE",
        "params": [{
            "datatype": "collection",
            "name": "eventobject"
        }],
        "language": "js",
        "actions": [{
            "id": "ADD_SNIPPET_ide_onClick_bbcd3624a4bf4caaaef962b85337ce44",
            "type": "ADD_SNIPPET",
            "codeSnippet": "frmCat.flxCon1.zIndex=\"1\";\nfrmCat.flxCon2.zIndex=\"1\";\nfrmCat.flxCon1.setVisibility(false);\nfrmCat.tbxSearch.setVisibility(false);\nfrmCat.tbxSearch.text=\"\";\nfrmCat.tbxSearch.zIndex=\"1\";\nfrmCat.btnGoSearch.setVisibility(false);\nfrmCat.btnGoSearch.zIndex=\"1\";\nfrmCat.flxCon1.lblNoSearch.setVisibility(false);\nfrmCat.forceLayout();\n",
            "callbackType": null
        }]
    }
}