{
    "AS_FlexContainer_87d9b1529c224ada8a045ac3e7702cf1": {
        "id": "AS_FlexContainer_87d9b1529c224ada8a045ac3e7702cf1",
        "type": "ACTION_SEQUENCE",
        "params": [{
            "datatype": "collection",
            "name": "eventobject"
        }, {
            "datatype": "string",
            "name": "x"
        }, {
            "datatype": "string",
            "name": "y"
        }],
        "contextObj": {
            "name": "frmCat",
            "type": "forms",
            "platform": "",
            "KUID": "6ff7fd6cff4b4f36afa668f91de717b2"
        },
        "language": "js",
        "actions": []
    }
}