{
    "AS_FlexContainer_d1340ac56eec410aa1bb812523306eb5": {
        "id": "AS_FlexContainer_d1340ac56eec410aa1bb812523306eb5",
        "type": "ACTION_SEQUENCE",
        "params": [{
            "datatype": "collection",
            "name": "eventobject"
        }, {
            "datatype": "string",
            "name": "x"
        }, {
            "datatype": "string",
            "name": "y"
        }],
        "language": "js",
        "actions": [{
            "id": "ADD_SNIPPET_ide_onTouchStart_9cc10b6c900f48e49e914b919e1c3fde",
            "type": "ADD_SNIPPET",
            "codeSnippet": "frmProd.flxCon1.zIndex=\"1\";\nfrmProd.flxCon1.setVisibility(false);\nfrmProd.tbxSearch.setVisibility(false);\nfrmProd.tbxSearch.zIndex=\"1\";\nfrmProd.btnGoSearch.setVisibility(false);\nfrmProd.btnGoSearch.zIndex=\"1\";\nfrmProd.flxCon1.lblNoSearch.setVisibility(false);\nfrmProd.forceLayout();\n",
            "callbackType": null
        }]
    }
}