{
    "AS_Form_99cbc2b9675e4176ab41cf2ac1ad06c3": {
        "id": "AS_Form_99cbc2b9675e4176ab41cf2ac1ad06c3",
        "type": "ACTION_SEQUENCE",
        "params": [{
            "datatype": "collection",
            "name": "eventobject"
        }],
        "contextObj": {
            "name": "frmProd",
            "type": "forms",
            "platform": "",
            "KUID": "4bd2b06ab78f4ea892f4d461e040304d"
        },
        "language": "js",
        "actions": [{
            "id": "INVOKE_FUNCTION___b4f66104b8ca41f482e6f5650bc76935",
            "type": "INVOKE_FUNCTION",
            "sequenceKUID": "scaleAnimation",
            "display": "scaleAnimation",
            "inputparams": [],
            "parentId": null,
            "callbackType": null,
            "disabled": null,
            "source": "module"
        }, {
            "id": "ADD_SNIPPET__d46487768e9a4468ac6a26aafd23b93a",
            "type": "ADD_SNIPPET",
            "codeSnippet": "frmProd.lblPage.centerX=\"50%\";\nfrmProd.lblPage2.centerX=\"50%\";\nfrmProd.lblPage.centerY=\"50%\";\nfrmProd.lblPage2.centerY=\"50%\";\nfrmProd.forceLayout();",
            "parentId": null,
            "callbackType": null
        }]
    }
}