{
    "AS_Image_ebe293706fe340769acd9cd7e8512954": {
        "id": "AS_Image_ebe293706fe340769acd9cd7e8512954",
        "type": "ACTION_SEQUENCE",
        "params": [{
            "datatype": "collection",
            "name": "eventobject"
        }, {
            "datatype": "string",
            "name": "x"
        }, {
            "datatype": "string",
            "name": "y"
        }],
        "contextObj": {
            "name": "frmPdetails",
            "type": "forms",
            "platform": "",
            "KUID": "1d6098ceb3c443e3801083ec784904e4"
        },
        "sourceObj": {
            "itemKUID": "b0e4164231f04daab953a41607ae9372",
            "widgetKUID": "f369bf9002a5450f9403ce3423e5e1f8",
            "evt": "onTouchEnd",
            "platform": null
        },
        "language": "js",
        "actions": [{
            "id": "NAMED_ACTION____dc2313f4d9314adcbbb8e86dec47ab36",
            "type": "NAMED_ACTION",
            "sequenceKUID": "AS_Image_f16eb3fc58b4427aafed9a67fb211e46",
            "display": "AS_Image_f16eb3fc58b4427aafed9a67fb211e46",
            "inputparams": [{
                "datatype": "collection",
                "name": "eventobject",
                "value": "eventobject"
            }, {
                "datatype": "string",
                "name": "x",
                "value": "x"
            }, {
                "datatype": "string",
                "name": "y",
                "value": "y"
            }],
            "parentId": null,
            "callbackType": null,
            "disabled": false,
            "isMasterInstanceAction": true
        }]
    }
}