{
    "AS_Image_d316523a83f24849b9e74b2b80409efe": {
        "id": "AS_Image_d316523a83f24849b9e74b2b80409efe",
        "type": "ACTION_SEQUENCE",
        "params": [{
            "datatype": "collection",
            "name": "eventobject"
        }, {
            "datatype": "string",
            "name": "x"
        }, {
            "datatype": "string",
            "name": "y"
        }],
        "contextObj": {
            "name": "frmProd",
            "type": "forms",
            "platform": "",
            "KUID": "4bd2b06ab78f4ea892f4d461e040304d"
        },
        "language": "js",
        "actions": [{
            "id": "ADD_SNIPPET__57f9d53d25ab4409ad7f5783904620f6",
            "type": "ADD_SNIPPET",
            "codeSnippet": "frmProd.flxCon1.setVisibility(true);\nfrmProd.flxCon1.zIndex=\"4\";\nfrmProd.tbxSearch.setVisibility(true);\nfrmProd.tbxSearch.zIndex=\"5\";\nfrmProd.btnGoSearch.setVisibility(true);\nfrmProd.btnGoSearch.zIndex=\"5\";\nfrmProd.forceLayout();",
            "parentId": null,
            "callbackType": null
        }]
    }
}