{
    "AS_Image_40321df2c8fc43da81c2466f4077131e": {
        "id": "AS_Image_40321df2c8fc43da81c2466f4077131e",
        "type": "ACTION_SEQUENCE",
        "params": [{
            "datatype": "collection",
            "name": "eventobject"
        }, {
            "datatype": "string",
            "name": "x"
        }, {
            "datatype": "string",
            "name": "y"
        }],
        "contextObj": {
            "name": "frmPdetails",
            "type": "forms",
            "platform": "",
            "KUID": "1d6098ceb3c443e3801083ec784904e4"
        },
        "language": "js",
        "actions": [{
            "id": "ADD_SNIPPET__5e95c00f453349d7984530755a3d31ad",
            "type": "ADD_SNIPPET",
            "codeSnippet": "frmPdetails.flxCon1.setVisibility(true);\nfrmPdetails.flxCon1.zIndex=\"4\";\nfrmPdetails.tbxSearch.setVisibility(true);\nfrmPdetails.tbxSearch.zIndex=\"5\";\nfrmPdetails.btnGoSearch.setVisibility(true);\nfrmPdetails.btnGoSearch.zIndex=\"5\";\nfrmPdetails.forceLayout();",
            "parentId": null,
            "callbackType": null
        }]
    }
}