{
    "AS_Image_e9be2253e34243e396bf5e860105f7e0": {
        "id": "AS_Image_e9be2253e34243e396bf5e860105f7e0",
        "type": "ACTION_SEQUENCE",
        "params": [{
            "datatype": "collection",
            "name": "eventobject"
        }, {
            "datatype": "string",
            "name": "x"
        }, {
            "datatype": "string",
            "name": "y"
        }],
        "contextObj": {
            "name": "frmCat",
            "type": "forms",
            "platform": "",
            "KUID": "6ff7fd6cff4b4f36afa668f91de717b2"
        },
        "sourceObj": {
            "itemKUID": "b0e4164231f04daab953a41607ae9372",
            "widgetKUID": "d8984807b9474f298975cbf7734e5501",
            "evt": "onTouchStart"
        },
        "language": "js",
        "actions": [{
            "id": "INVOKE_FUNCTION___b4770bd2845d451a8675fc97e956e4d8",
            "type": "INVOKE_FUNCTION",
            "sequenceKUID": "backStack",
            "display": "backStack",
            "inputparams": [],
            "parentId": null,
            "callbackType": null,
            "disabled": null,
            "source": "module"
        }]
    }
}