{
    "AS_Segment_02f51a4df32c4626b0482e7125537032": {
        "id": "AS_Segment_02f51a4df32c4626b0482e7125537032",
        "type": "ACTION_SEQUENCE",
        "params": [{
            "datatype": "collection",
            "name": "eventobject"
        }, {
            "datatype": "number",
            "name": "sectionNumber"
        }, {
            "datatype": "number",
            "name": "rowNumber"
        }],
        "contextObj": {
            "name": "frmProd",
            "type": "forms",
            "platform": "",
            "KUID": "4bd2b06ab78f4ea892f4d461e040304d"
        },
        "language": "js",
        "actions": [{
            "id": "INVOKE_FUNCTION___6617f5838f984e55b08cbc523cab5051",
            "type": "INVOKE_FUNCTION",
            "sequenceKUID": "segRowTouchTwo",
            "display": "segRowTouchTwo",
            "inputparams": [],
            "parentId": null,
            "callbackType": null,
            "disabled": null,
            "source": "module"
        }]
    }
}