{
    "AS_Segment_c6ab25160fdf4c9ea36806df8252f353": {
        "id": "AS_Segment_c6ab25160fdf4c9ea36806df8252f353",
        "type": "ACTION_SEQUENCE",
        "params": [{
            "datatype": "collection",
            "name": "eventobject"
        }, {
            "datatype": "number",
            "name": "sectionNumber"
        }, {
            "datatype": "number",
            "name": "rowNumber"
        }],
        "language": "js",
        "actions": [{
            "id": "INVOKE_FUNCTION__ide_onRowClick_g89d59fdd5934ed8a851496fe7915582",
            "type": "INVOKE_FUNCTION",
            "sequenceKUID": "segRowTouch",
            "display": "segRowTouch",
            "inputparams": [],
            "callbackType": null,
            "disabled": null,
            "source": "module"
        }]
    }
}