{
    "@class": "com.kony.gen.viz.model.component.KVizTextBox2",
    "DNDConfig": null,
    "__parentReadjusting__": false,
    "_height_": {
        "type": "string",
        "value": "40dp"
    },
    "_left_": {
        "type": "string",
        "value": "2%"
    },
    "_margin_": [
        0,
        0,
        0,
        0
    ],
    "_padding_": [
        3,
        0,
        0,
        0
    ],
    "_placeholder_": "Search",
    "_skin_": "s370ba4efe9846edad923bc707f0edac",
    "_text_": "",
    "_top_": {
        "type": "string",
        "value": "0dp"
    },
    "_width_": {
        "type": "string",
        "value": "67%"
    },
    "autocapitalize": "none",
    "autocomplete": false,
    "autocorrect": false,
    "autofilter": false,
    "canUpdateUI": true,
    "centery": {
        "type": "string",
        "value": "50%"
    },
    "containerheight": "",
    "containerheightmode": 1,
    "containerweight": 100,
    "contentalignment": 4,
    "id": "tbxSearch",
    "ide_onDone": "AS_TextField_f41aabdff7404e958275b9882b76e03a",
    "info": null,
    "isvisible": true,
    "keyboardtype": "A",
    "kuid": "i9c2834710784f4ca38c6012e63a974c",
    "mode": "A",
    "name": "kony.ui.TextBox2",
    "parent": "flxCon2",
    "pf": "frmCat",
    "securetextentry": false,
    "textinputmode": "A",
    "viewtype": "default",
    "wType": "TextField",
    "zindex": 1
}