{
    "AS_Image_f16eb3fc58b4427aafed9a67fb211e46": {
        "id": "AS_Image_f16eb3fc58b4427aafed9a67fb211e46",
        "type": "ACTION_SEQUENCE",
        "params": [{
            "datatype": "collection",
            "name": "eventobject"
        }, {
            "datatype": "string",
            "name": "x"
        }, {
            "datatype": "string",
            "name": "y"
        }],
        "contextObj": {
            "name": "tmpMaster",
            "type": "masters",
            "KUID": "b0e4164231f04daab953a41607ae9372"
        },
        "language": "js",
        "actions": []
    }
}