{
    "@class": "com.kony.gen.viz.model.container.KVizSegment2",
    "DNDConfig": null,
    "__parentReadjusting__": false,
    "_data_": [
        {
            "RTxtMore": {
                "@class": "com.viz.ide.model.segment.SimpleTextSegmentData",
                "text": "more...\n"
            },
            "Rat": {
                "@class": "com.viz.ide.model.segment.SimpleTextSegmentData",
                "text": "Rating"
            },
            "img2": {
                "@class": "com.viz.ide.model.segment.ImageSegmentData",
                "src": "imagedrag.png"
            },
            "imgRat2": {
                "@class": "com.viz.ide.model.segment.ImageSegmentData",
                "src": "imagedrag.png"
            },
            "lblDesc": {
                "@class": "com.viz.ide.model.segment.SimpleTextSegmentData",
                "text": "Label"
            },
            "lblName": {
                "@class": "com.viz.ide.model.segment.SimpleTextSegmentData",
                "text": "Label"
            },
            "lblPrice2": {
                "@class": "com.viz.ide.model.segment.SimpleTextSegmentData",
                "text": "Label"
            }
        }
    ],
    "_height_": {
        "type": "string",
        "value": "34.42%"
    },
    "_indicator_": "none",
    "_left_": {
        "type": "string",
        "value": "0dp"
    },
    "_margin_": [
        0,
        0,
        0,
        0
    ],
    "_orientation_": 2,
    "_padding_": [
        0,
        0,
        0,
        0
    ],
    "_top_": {
        "type": "string",
        "value": "10%"
    },
    "_width_": {
        "type": "string",
        "value": "100%"
    },
    "autogrowmode": 0,
    "canUpdateUI": true,
    "containerweight": 100,
    "counter": "00",
    "focusedindex": null,
    "focuseditem": null,
    "groupcells": false,
    "hasSections": false,
    "id": "segDetails",
    "info": null,
    "ipad": {
        "psp": {
            "indicator": "rowselect"
        }
    },
    "iphone": {
        "psp": {
            "indicator": "rowselect"
        }
    },
    "isvisible": true,
    "kuid": "7ca2f37f322a4ab68038cfec04bdca9a",
    "masterdata": {},
    "name": "kony.ui.SegmentedUI2",
    "needpageindicator": true,
    "pageoffdotimage": "pageoffdot.png",
    "pageondotimage": "pageondot.png",
    "paginationconfig": {
        "position": "bottom",
        "vdistance": 1
    },
    "parent": "frmPdetails",
    "pf": "frmPdetails",
    "retainselection": false,
    "rowTemplateId": "e5fd5cd08a1c4a60b509b5f301d905d2",
    "rowcounter": 0,
    "rowfocusskin": "sc75190fd01f48b38a4afe173e8500e3",
    "rowskin": "s07610ef224946aea7bca209145929fc",
    "rowtemplate": "flxCat3",
    "screenlevelwidget": false,
    "seccounter": 0,
    "sectionheaderskin": "s55f6ebd30ff449cb60d91ac8b1f9385",
    "selectedRows": null,
    "selectedState": false,
    "selectedindex": null,
    "selectedindices": null,
    "selecteditems": null,
    "selectedsectionindex": null,
    "selectionbehavior": "default",
    "separatorcolor": "64646400",
    "separatorrequired": true,
    "separatorthickness": 1,
    "showscrollbars": false,
    "swipeContext": {
        "currentPage": 0,
        "imageWidth": 750,
        "widthRatio": 0
    },
    "viewtype": "tableview",
    "wType": "Segment",
    "widgetalignment": 5,
    "widgetdatamap": {
        "RTxtMore": "RTxtMore",
        "Rat": "Rat",
        "flxCat3": "flxCat3",
        "flxLblVer": "flxLblVer",
        "img2": "img2",
        "imgRat2": "imgRat2",
        "lblDesc": "lblDesc",
        "lblName": "lblName",
        "lblPrice2": "lblPrice2"
    },
    "zindex": 2
}