{
  "android": {
    "font_size": 157,
    "isForked": false
  },
  "background_color": "f50f0f00",
  "bg_type": "one",
  "border_color": "424242ff",
  "border_style": "plain",
  "border_type": 0,
  "border_width": 0,
  "desktopweb": {
    "font_size": 157,
    "isForked": false
  },
  "fontSizeInPx": false,
  "font_color": "424242ff",
  "font_name": "Helvetica",
  "font_size": 157,
  "font_style": "normal",
  "font_weight": "normal",
  "ipad": {
    "font_size": 157,
    "isForked": false
  },
  "iphone": {
    "font_size": 157,
    "isForked": false
  },
  "isDefaultSkin": false,
  "kiosk": {
    "font_size": 157,
    "isForked": false
  },
  "kuid": "s7f330ee2e574599b8fef760f0774a71",
  "spaan": {
    "font_size": 157,
    "isForked": false
  },
  "spaandroidtablet": {
    "font_size": 157,
    "isForked": false
  },
  "spabb": {
    "font_size": 157,
    "isForked": false
  },
  "spaip": {
    "font_size": 157,
    "isForked": false
  },
  "spaipad": {
    "font_size": 157,
    "isForked": false
  },
  "spawindowstablet": {
    "font_size": 157,
    "isForked": false
  },
  "spawinphone8": {
    "font_size": 157,
    "isForked": false
  },
  "tabrcandroid": {
    "font_size": 157,
    "isForked": false
  },
  "wType": "Label",
  "watchos": {
    "font_size": 157,
    "isForked": false
  },
  "windows8": {
    "font_size": 157,
    "isForked": false
  },
  "winphone8": {
    "font_size": 157,
    "isForked": false
  }
}