{
    "__parentReadjusting__": false,
    "_padding_": [
        0,
        0,
        0,
        0
    ],
    "_skin_": "s82ec60c33d3430e8ef17574aff858e7",
    "_srcKuid_": "0cfb897e06954bb1a068796d7e032fae",
    "canUpdateUI": true,
    "channel": "mobile",
    "context": {},
    "dataDiffs": {
        "centerX": {
            "type": "string",
            "value": "50%"
        },
        "centerY": {
            "type": "string",
            "value": "50%"
        },
        "height": {
            "type": "string",
            "value": "80%"
        },
        "id": "imgBestBuy",
        "imageScaleMode": 1,
        "left": {
            "type": "number",
            "value": "0"
        },
        "src": "bestbuylogo.png",
        "top": {
            "type": "string",
            "value": "0dp"
        },
        "width": {
            "type": "string",
            "value": "31%"
        },
        "zIndex": 1
    },
    "id": "imgBestBuy",
    "instanceOf": "0cfb897e06954bb1a068796d7e032fae",
    "isvisible": true,
    "kuid": "m36cd92bacb84bf9b9c336ae361c77d0",
    "masterInstance": true,
    "name": "kony.ui.Image2",
    "parent": "flxMaster",
    "pf": "frmCat",
    "topLevelInstanceKUID": "m91750977fb74b58b880a19e9e7689ad",
    "wType": "Image"
}