{
    "__parentReadjusting__": false,
    "_padding_": [
        0,
        0,
        0,
        0
    ],
    "_skin_": "sa14701bd360418183e39aa1c55c6068",
    "_srcKuid_": "2a0ed7efe850409eb80b820d815d876c",
    "canUpdateUI": true,
    "channel": "mobile",
    "context": {},
    "dataDiffs": {
        "centerX": {
            "type": "string",
            "value": "50%"
        },
        "centerY": {
            "type": "string",
            "value": "96%"
        },
        "height": {
            "type": "string",
            "value": "3%"
        },
        "id": "lblDivider",
        "left": {
            "type": "string",
            "value": "0dp"
        },
        "text": "Label",
        "textStyle": {},
        "top": {
            "type": "string",
            "value": "7%"
        },
        "width": {
            "type": "string",
            "value": "100%"
        },
        "zIndex": 1
    },
    "id": "lblDivider",
    "instanceOf": "2a0ed7efe850409eb80b820d815d876c",
    "isvisible": true,
    "kuid": "mfa42015b760472682f0fd14ca6153e5",
    "masterInstance": true,
    "name": "kony.ui.Label",
    "parent": "flxMaster",
    "pf": "frmCat",
    "topLevelInstanceKUID": "m91750977fb74b58b880a19e9e7689ad",
    "wType": "Label"
}