{
    "AS_Segment_5be3e22ddd164803852c448ae8780305": {
        "id": "AS_Segment_5be3e22ddd164803852c448ae8780305",
        "type": "ACTION_SEQUENCE",
        "name": "actSegRowTouch",
        "params": [{
            "datatype": "collection",
            "name": "eventobject"
        }, {
            "datatype": "number",
            "name": "sectionNumber"
        }, {
            "datatype": "number",
            "name": "rowNumber"
        }],
        "contextObj": {
            "name": "frmCat",
            "type": "forms",
            "platform": "",
            "KUID": "6ff7fd6cff4b4f36afa668f91de717b2"
        },
        "language": "js",
        "actions": [{
            "id": "INVOKE_FUNCTION___94b526d199f84d6ab4485b982f5d1c02",
            "type": "INVOKE_FUNCTION",
            "sequenceKUID": "segRowTouch",
            "display": "segRowTouch",
            "inputparams": [],
            "parentId": null,
            "callbackType": null,
            "disabled": null,
            "source": "module"
        }]
    }
}