{
    "AS_Button_f33b750f1f684715a6f0d2e5a23e0230": {
        "id": "AS_Button_f33b750f1f684715a6f0d2e5a23e0230",
        "type": "ACTION_SEQUENCE",
        "params": [{
            "datatype": "collection",
            "name": "eventobject"
        }],
        "contextObj": {
            "name": "frmProd",
            "type": "forms",
            "platform": "",
            "KUID": "4bd2b06ab78f4ea892f4d461e040304d"
        },
        "language": "js",
        "actions": [{
            "id": "INVOKE_FUNCTION___eb0f514c0baa4fe4a66f9ccef3adfc71",
            "type": "INVOKE_FUNCTION",
            "sequenceKUID": "backPrev",
            "display": "backPrev",
            "inputparams": [],
            "parentId": null,
            "callbackType": null,
            "disabled": null,
            "source": "module"
        }]
    }
}