{
    "AS_Button_2315845681de4b5985c92d30332ed92d": {
        "id": "AS_Button_2315845681de4b5985c92d30332ed92d",
        "type": "ACTION_SEQUENCE",
        "params": [{
            "datatype": "collection",
            "name": "eventobject"
        }],
        "contextObj": {
            "name": "frmCat",
            "type": "forms",
            "platform": "",
            "KUID": "6ff7fd6cff4b4f36afa668f91de717b2"
        },
        "language": "js",
        "actions": [{
            "id": "ADD_SNIPPET__9fefe1e9df6940f2b382e9a73da481f2",
            "type": "ADD_SNIPPET",
            "codeSnippet": "frmCat.flxCon1.zIndex=\"1\";\nfrmCat.flxCon1.setVisibility(false);\nfrmCat.tbxSearch.setVisibility(false);\nfrmCat.tbxSearch.text=\"\";\nfrmCat.tbxSearch.zIndex=\"1\";\nfrmCat.btnGoSearch.setVisibility(false);\nfrmCat.btnGoSearch.zIndex=\"1\";\nfrmCat.flxCon1.lblNoSearch.setVisibility(false);\nfrmCat.forceLayout();\n",
            "parentId": null,
            "callbackType": null
        }]
    }
}