{
    "AS_Button_j85f8d200cbf4ad3a3e3fe4fe314ff3c": {
        "id": "AS_Button_j85f8d200cbf4ad3a3e3fe4fe314ff3c",
        "type": "ACTION_SEQUENCE",
        "params": [{
            "datatype": "collection",
            "name": "eventobject"
        }],
        "language": "js",
        "actions": [{
            "id": "INVOKE_FUNCTION__ide_onClick_e4bccd43042d46cf835a458a806581ed",
            "type": "INVOKE_FUNCTION",
            "sequenceKUID": "backPrev",
            "display": "backPrev",
            "inputparams": [],
            "callbackType": null,
            "disabled": null,
            "source": "module"
        }]
    }
}