{
    "AS_Button_0d56ca5d9cbe466f9ba8c902149415eb": {
        "id": "AS_Button_0d56ca5d9cbe466f9ba8c902149415eb",
        "type": "ACTION_SEQUENCE",
        "params": [{
            "datatype": "collection",
            "name": "eventobject"
        }],
        "contextObj": {
            "name": "frmProd",
            "type": "forms",
            "platform": "",
            "KUID": "4bd2b06ab78f4ea892f4d461e040304d"
        },
        "language": "js",
        "actions": [{
            "id": "INVOKE_FUNCTION___3c5a9f35014745e0914788d1f8135839",
            "type": "INVOKE_FUNCTION",
            "sequenceKUID": "backPrev",
            "display": "backPrev",
            "inputparams": [],
            "parentId": null,
            "callbackType": null,
            "disabled": null,
            "source": "module"
        }]
    }
}