{
    "AS_FlexContainer_1faba13b4fe84004b56e896ccd0a1069": {
        "id": "AS_FlexContainer_1faba13b4fe84004b56e896ccd0a1069",
        "type": "ACTION_SEQUENCE",
        "params": [{
            "datatype": "collection",
            "name": "eventobject"
        }, {
            "datatype": "string",
            "name": "x"
        }, {
            "datatype": "string",
            "name": "y"
        }],
        "language": "js",
        "actions": [{
            "id": "ADD_SNIPPET_ide_onTouchStart_3e5889b1b2af47c185ff22903b468858",
            "type": "ADD_SNIPPET",
            "codeSnippet": "frmPdetails.flxCon1.zIndex=\"1\";\nfrmPdetails.flxCon1.setVisibility(false);\nfrmPdetails.tbxSearch.setVisibility(false);\nfrmPdetails.tbxSearch.zIndex=\"1\";\nfrmPdetails.btnGoSearch.setVisibility(false);\nfrmPdetails.btnGoSearch.zIndex=\"1\";\nfrmPdetails.flxCon1.lblNoSearch.setVisibility(false);\nfrmPdetails.forceLayout();\n",
            "callbackType": null
        }]
    }
}