{
    "AS_Form_af96431d47e84edf87bcd83b46c13f10": {
        "id": "AS_Form_af96431d47e84edf87bcd83b46c13f10",
        "type": "ACTION_SEQUENCE",
        "params": [{
            "datatype": "collection",
            "name": "eventobject"
        }],
        "contextObj": {
            "name": "frmCat",
            "type": "forms",
            "platform": "",
            "KUID": "6ff7fd6cff4b4f36afa668f91de717b2"
        },
        "language": "js",
        "actions": [{
            "id": "INVOKE_FUNCTION___70a74b51fba74c57b355ddfc4db215e0",
            "type": "INVOKE_FUNCTION",
            "sequenceKUID": "retrieveCat",
            "display": "retrieveCat",
            "inputparams": [],
            "parentId": null,
            "callbackType": null,
            "disabled": null,
            "source": "module"
        }]
    }
}