{
    "AS_Form_dd38d2a4a5104d608743a4f107c2c0e8": {
        "id": "AS_Form_dd38d2a4a5104d608743a4f107c2c0e8",
        "type": "ACTION_SEQUENCE",
        "params": [{
            "datatype": "collection",
            "name": "eventobject"
        }],
        "contextObj": {
            "name": "frmCat",
            "type": "forms",
            "platform": "",
            "KUID": "6ff7fd6cff4b4f36afa668f91de717b2"
        },
        "language": "js",
        "actions": [{
            "id": "INVOKE_FUNCTION___e15bdea855da4057a56071ecf28245b5",
            "type": "INVOKE_FUNCTION",
            "sequenceKUID": "retrieveCat",
            "display": "retrieveCat",
            "inputparams": [],
            "parentId": null,
            "callbackType": null,
            "disabled": null,
            "source": "module"
        }]
    }
}