{
    "AS_Image_c0ed2d16bb154b1ab22816fea193fa55": {
        "id": "AS_Image_c0ed2d16bb154b1ab22816fea193fa55",
        "type": "ACTION_SEQUENCE",
        "params": [{
            "datatype": "collection",
            "name": "eventobject"
        }, {
            "datatype": "string",
            "name": "x"
        }, {
            "datatype": "string",
            "name": "y"
        }],
        "contextObj": {
            "name": "frmProd",
            "type": "forms",
            "platform": "",
            "KUID": "4bd2b06ab78f4ea892f4d461e040304d"
        },
        "sourceObj": {
            "itemKUID": "b0e4164231f04daab953a41607ae9372",
            "widgetKUID": "d8984807b9474f298975cbf7734e5501",
            "evt": "onTouchStart"
        },
        "language": "js",
        "actions": [{
            "id": "INVOKE_FUNCTION___f624aa476f5f4d71b434789c35e1f242",
            "type": "INVOKE_FUNCTION",
            "sequenceKUID": "frmBack22",
            "display": "frmBack22",
            "inputparams": [],
            "parentId": null,
            "callbackType": null,
            "disabled": null,
            "source": "module"
        }]
    }
}