{
    "AS_Image_5c6a9e5cf31846538784d1c08d9b0c4c": {
        "id": "AS_Image_5c6a9e5cf31846538784d1c08d9b0c4c",
        "type": "ACTION_SEQUENCE",
        "params": [{
            "datatype": "collection",
            "name": "eventobject"
        }, {
            "datatype": "string",
            "name": "x"
        }, {
            "datatype": "string",
            "name": "y"
        }],
        "contextObj": {
            "name": "frmCat",
            "type": "forms",
            "platform": "",
            "KUID": "6ff7fd6cff4b4f36afa668f91de717b2"
        },
        "language": "js",
        "actions": [{
            "id": "INVOKE_FUNCTION___d88786d8290f42d6b538a2f3a4ed2acf",
            "type": "INVOKE_FUNCTION",
            "sequenceKUID": "backStack",
            "display": "backStack",
            "inputparams": [],
            "parentId": null,
            "callbackType": null,
            "disabled": null,
            "source": "module"
        }]
    }
}