{
    "AS_Image_e58490a5d9f84d3fa2c31e38cae01b64": {
        "id": "AS_Image_e58490a5d9f84d3fa2c31e38cae01b64",
        "type": "ACTION_SEQUENCE",
        "params": [{
            "datatype": "collection",
            "name": "eventobject"
        }, {
            "datatype": "string",
            "name": "x"
        }, {
            "datatype": "string",
            "name": "y"
        }],
        "contextObj": {
            "name": "frmPdetails",
            "type": "forms",
            "platform": "",
            "KUID": "1d6098ceb3c443e3801083ec784904e4"
        },
        "sourceObj": {
            "itemKUID": "b0e4164231f04daab953a41607ae9372",
            "widgetKUID": "f369bf9002a5450f9403ce3423e5e1f8",
            "evt": "onTouchEnd",
            "platform": null
        },
        "language": "js",
        "actions": [{
            "id": "NAMED_ACTION____fa9f53545ce04706bf3132dc5ea8b327",
            "type": "NAMED_ACTION",
            "sequenceKUID": "AS_Image_f16eb3fc58b4427aafed9a67fb211e46",
            "display": "AS_Image_f16eb3fc58b4427aafed9a67fb211e46",
            "inputparams": [{
                "datatype": "collection",
                "name": "eventobject",
                "value": "eventobject"
            }, {
                "datatype": "string",
                "name": "x",
                "value": "x"
            }, {
                "datatype": "string",
                "name": "y",
                "value": "y"
            }],
            "parentId": null,
            "callbackType": null,
            "disabled": false,
            "isMasterInstanceAction": true
        }]
    }
}