{
    "AS_Label_a11d78ad137c4415a5f6861face98c33": {
        "id": "AS_Label_a11d78ad137c4415a5f6861face98c33",
        "type": "ACTION_SEQUENCE",
        "params": [{
            "datatype": "collection",
            "name": "eventobject"
        }, {
            "datatype": "string",
            "name": "x"
        }, {
            "datatype": "string",
            "name": "y"
        }],
        "contextObj": {
            "name": "tempSeg",
            "type": "templates",
            "platform": "",
            "KUID": "61d742181d2c498cb88508ed3b96bc34"
        },
        "language": "js",
        "actions": []
    }
}