{
    "AS_Label_ea15045aa9574a48b5d3807b3b601941": {
        "id": "AS_Label_ea15045aa9574a48b5d3807b3b601941",
        "type": "ACTION_SEQUENCE",
        "params": [{
            "datatype": "collection",
            "name": "eventobject"
        }, {
            "datatype": "string",
            "name": "x"
        }, {
            "datatype": "string",
            "name": "y"
        }],
        "contextObj": {
            "name": "frmCat",
            "type": "forms",
            "platform": "",
            "KUID": "6ff7fd6cff4b4f36afa668f91de717b2"
        },
        "language": "js",
        "actions": [{
            "id": "INVOKE_FUNCTION___j3282ddfd20f44deb6c22b312588ecef",
            "type": "INVOKE_FUNCTION",
            "sequenceKUID": "moveAnimation2",
            "display": "moveAnimation2",
            "inputparams": [],
            "parentId": null,
            "callbackType": null,
            "disabled": null,
            "source": "module"
        }]
    }
}