{
    "AS_Segment_91891c4b83984df9ba322e5ecd11a435": {
        "id": "AS_Segment_91891c4b83984df9ba322e5ecd11a435",
        "type": "ACTION_SEQUENCE",
        "params": [{
            "datatype": "collection",
            "name": "eventobject"
        }, {
            "datatype": "number",
            "name": "sectionNumber"
        }, {
            "datatype": "number",
            "name": "rowNumber"
        }],
        "contextObj": {
            "name": "frmProd",
            "type": "forms",
            "platform": null,
            "KUID": "4bd2b06ab78f4ea892f4d461e040304d"
        },
        "language": "js",
        "actions": []
    }
}