{
    "AS_TextField_f41aabdff7404e958275b9882b76e03a": {
        "id": "AS_TextField_f41aabdff7404e958275b9882b76e03a",
        "type": "ACTION_SEQUENCE",
        "params": [{
            "datatype": "collection",
            "name": "eventobject"
        }, {
            "datatype": "string",
            "name": "changedtext"
        }],
        "language": "js",
        "actions": [{
            "id": "ADD_SNIPPET_ide_onDone_bf92a6bc42c44f2a9e6122d9ef11a47a",
            "type": "ADD_SNIPPET",
            "codeSnippet": "searchNow(\"Cats\");",
            "callbackType": null
        }]
    }
}