{
    "AS_TextField_301a8942011a409cbefaa053b82f823e": {
        "id": "AS_TextField_301a8942011a409cbefaa053b82f823e",
        "type": "ACTION_SEQUENCE",
        "params": [{
            "datatype": "collection",
            "name": "eventobject"
        }, {
            "datatype": "string",
            "name": "changedtext"
        }],
        "language": "js",
        "actions": [{
            "id": "ADD_SNIPPET_ide_onDone_1582b6ca3cc74a8dbf87601c2f13148a",
            "type": "ADD_SNIPPET",
            "codeSnippet": "searchNow(\"Cats\");",
            "callbackType": null
        }]
    }
}