{
    "AS_TextField_c555b2f6b80243249d1536b67b361270": {
        "id": "AS_TextField_c555b2f6b80243249d1536b67b361270",
        "type": "ACTION_SEQUENCE",
        "params": [{
            "datatype": "collection",
            "name": "eventobject"
        }, {
            "datatype": "string",
            "name": "changedtext"
        }],
        "contextObj": {
            "name": "frmCat",
            "type": "forms",
            "platform": "",
            "KUID": "6ff7fd6cff4b4f36afa668f91de717b2"
        },
        "language": "js",
        "actions": [{
            "id": "ADD_SNIPPET__0bae9f26109a45ee8b8cc464294f37a3",
            "type": "ADD_SNIPPET",
            "codeSnippet": "searchNow(\"Cats\");",
            "parentId": null,
            "callbackType": null
        }]
    }
}