{
    "AS_TextField_d7c4c83bd73b44f582bf3d5f0c346b4a": {
        "id": "AS_TextField_d7c4c83bd73b44f582bf3d5f0c346b4a",
        "type": "ACTION_SEQUENCE",
        "params": [{
            "datatype": "collection",
            "name": "eventobject"
        }, {
            "datatype": "string",
            "name": "x"
        }, {
            "datatype": "string",
            "name": "y"
        }],
        "contextObj": {
            "name": "frmCat",
            "type": "forms",
            "platform": "",
            "KUID": "6ff7fd6cff4b4f36afa668f91de717b2"
        },
        "language": "js",
        "actions": []
    }
}