{
    "@class": "com.kony.gen.viz.model.component.KVizImage2",
    "DNDConfig": null,
    "__parentReadjusting__": false,
    "_base64_": null,
    "_height_": {
        "type": "string",
        "value": "44dp"
    },
    "_left_": {
        "type": "string",
        "value": "5dp"
    },
    "_margin_": [
        0,
        0,
        0,
        0
    ],
    "_padding_": [
        0,
        0,
        0,
        0
    ],
    "_skin_": "s82ec60c33d3430e8ef17574aff858e7",
    "_src_": "ic_menu_back.png",
    "_top_": {
        "type": "string",
        "value": "14%"
    },
    "_width_": {
        "type": "string",
        "value": "47dp"
    },
    "canUpdateUI": true,
    "childInstances": [
        "m684f828b9d74369817a3a5402e9c52a",
        "mdab73fa7fc7438c84a372ec6f932711",
        "mbe1bc327ea24474bfb3c25e1ebc12d1"
    ],
    "containerweight": 100,
    "context": {
        "channel": "mobile",
        "formID": "tmpMaster",
        "platform": "iphone",
        "templateType": "masters",
        "topLevelBox": null
    },
    "id": "imgBack",
    "ide_onTouchEnd": "AS_Image_d5c65b684772437d979190f9f175f462",
    "imagescalemode": 1,
    "info": null,
    "isvisible": true,
    "kuid": "d8984807b9474f298975cbf7734e5501",
    "name": "kony.ui.Image2",
    "parent": "flxMaster",
    "pf": "tmpMaster",
    "srcType": 1,
    "wType": "Image",
    "widgetalignment": 5,
    "zindex": 1
}