{
    "@class": "com.kony.gen.viz.model.component.KVizLabel",
    "DNDConfig": null,
    "__parentReadjusting__": false,
    "_height_": {
        "type": "string",
        "value": "2%"
    },
    "_left_": {
        "type": "string",
        "value": "0dp"
    },
    "_margin_": [
        1,
        1,
        1,
        1
    ],
    "_padding_": [
        0,
        0,
        0,
        0
    ],
    "_skin_": "sa14701bd360418183e39aa1c55c6068",
    "_text_": "Label",
    "_top_": {
        "type": "string",
        "value": "7%"
    },
    "_width_": {
        "type": "string",
        "value": "100%"
    },
    "_wrapping_": 2,
    "android": {
        "textStyle": {
            "letterSpacing": 0,
            "strikeThrough": false
        }
    },
    "canUpdateUI": true,
    "centerx": {
        "type": "string",
        "value": "50%"
    },
    "centery": {
        "type": "string",
        "value": "91%"
    },
    "childInstances": [
        "mfa42015b760472682f0fd14ca6153e5",
        "md8985ec40fa443d84cc5d628fcca464",
        "maa7bf5144794b058dba27fd0e7a4eee"
    ],
    "containerweight": 100,
    "contentalignment": 4,
    "id": "lblDivider",
    "info": null,
    "ipad": {
        "psp": {
            "wrapping": 2
        }
    },
    "iphone": {
        "psp": {
            "wrapping": 2
        }
    },
    "isvisible": true,
    "kuid": "2a0ed7efe850409eb80b820d815d876c",
    "name": "kony.ui.Label",
    "parent": "flxMaster",
    "pf": "tmpMaster",
    "tooltip": "",
    "wType": "Label",
    "zindex": 1
}