{
    "__parentReadjusting__": false,
    "_padding_": [
        0,
        0,
        0,
        0
    ],
    "_skin_": "s726ff02a82840079ffd1ec1cdc42920",
    "_srcKuid_": "f369bf9002a5450f9403ce3423e5e1f8",
    "canUpdateUI": true,
    "channel": "mobile",
    "context": {},
    "dataDiffs": {
        "height": {
            "type": "string",
            "value": "54dp"
        },
        "id": "btnSearch",
        "imageScaleMode": 1,
        "left": {
            "type": "string",
            "value": "294dp"
        },
        "src": "ic_menu_search.png",
        "top": {
            "type": "string",
            "value": "9%"
        },
        "width": {
            "type": "string",
            "value": "80dp"
        },
        "zIndex": 1
    },
    "id": "btnSearch",
    "ide_onTouchEnd": "AS_Image_e58490a5d9f84d3fa2c31e38cae01b64",
    "instanceOf": "f369bf9002a5450f9403ce3423e5e1f8",
    "isvisible": true,
    "kuid": "m409f1c00a2e49fe952a5e29d8c0c182",
    "masterInstance": true,
    "name": "kony.ui.Image2",
    "parent": "flxMaster",
    "pf": "frmPdetails",
    "topLevelInstanceKUID": "mb14652df27d4c4ba1e0ba3c3c2f9d11",
    "wType": "Image"
}