{
    "__parentReadjusting__": false,
    "_padding_": [
        0,
        0,
        0,
        0
    ],
    "_skin_": "sa14701bd360418183e39aa1c55c6068",
    "_srcKuid_": "2a0ed7efe850409eb80b820d815d876c",
    "canUpdateUI": true,
    "channel": "mobile",
    "context": {},
    "dataDiffs": {
        "centerX": {
            "type": "string",
            "value": "50.00%"
        },
        "centerY": {
            "type": "string",
            "value": "96.41%"
        },
        "height": {
            "type": "string",
            "value": "3%"
        },
        "id": "lblDivider",
        "left": {
            "type": "string",
            "value": "0dp"
        },
        "text": "Label",
        "textStyle": {},
        "top": {
            "type": "string",
            "value": "7%"
        },
        "width": {
            "type": "string",
            "value": "100%"
        },
        "zIndex": 1
    },
    "id": "lblDivider",
    "instanceOf": "2a0ed7efe850409eb80b820d815d876c",
    "isvisible": true,
    "kuid": "maa7bf5144794b058dba27fd0e7a4eee",
    "masterInstance": true,
    "name": "kony.ui.Label",
    "parent": "flxMaster",
    "pf": "frmPdetails",
    "topLevelInstanceKUID": "mb14652df27d4c4ba1e0ba3c3c2f9d11",
    "wType": "Label"
}