{
    "AS_Form_75da9facc5bf40cc83c7d295e19ae683": {
        "id": "AS_Form_75da9facc5bf40cc83c7d295e19ae683",
        "type": "ACTION_SEQUENCE",
        "name": "actPreShow",
        "params": [{
            "datatype": "collection",
            "name": "eventobject"
        }],
        "contextObj": {
            "name": "frmCat",
            "type": "forms",
            "platform": null,
            "KUID": "6ff7fd6cff4b4f36afa668f91de717b2"
        },
        "language": "js",
        "actions": []
    }
}