{
    "AS_Button_68ad07f5533e4c41b6a6622f7f6eb952": {
        "id": "AS_Button_68ad07f5533e4c41b6a6622f7f6eb952",
        "type": "ACTION_SEQUENCE",
        "params": [{
            "datatype": "collection",
            "name": "eventobject"
        }],
        "contextObj": {
            "name": "frmProd",
            "type": "forms",
            "platform": "",
            "KUID": "4bd2b06ab78f4ea892f4d461e040304d"
        },
        "language": "js",
        "actions": [{
            "id": "INVOKE_FUNCTION___38cd9096edd945adb9858c6a97c2a360",
            "type": "INVOKE_FUNCTION",
            "sequenceKUID": "backPrev",
            "display": "backPrev",
            "inputparams": [],
            "parentId": null,
            "callbackType": null,
            "disabled": null,
            "source": "module"
        }]
    }
}