{
    "AS_Button_je1d609c4ce5411dba51980d9d598ab9": {
        "id": "AS_Button_je1d609c4ce5411dba51980d9d598ab9",
        "type": "ACTION_SEQUENCE",
        "params": [{
            "datatype": "collection",
            "name": "eventobject"
        }],
        "contextObj": {
            "name": "frmCat",
            "type": "forms",
            "platform": "",
            "KUID": "6ff7fd6cff4b4f36afa668f91de717b2"
        },
        "language": "js",
        "actions": [{
            "id": "INVOKE_FUNCTION___e09d48fc452f4d5fa8742cc861547606",
            "type": "INVOKE_FUNCTION",
            "sequenceKUID": "moveAnimation2",
            "display": "moveAnimation2",
            "inputparams": [],
            "parentId": null,
            "callbackType": null,
            "disabled": null,
            "source": "module"
        }]
    }
}