{
    "AS_Button_cadf140863664b38a769505b35ab9f4d": {
        "id": "AS_Button_cadf140863664b38a769505b35ab9f4d",
        "type": "ACTION_SEQUENCE",
        "params": [{
            "datatype": "collection",
            "name": "eventobject"
        }],
        "language": "js",
        "actions": [{
            "id": "INVOKE_FUNCTION__ide_onClick_f417cd8139e24f62b68f11f5c984bca4",
            "type": "INVOKE_FUNCTION",
            "sequenceKUID": "goNext",
            "display": "goNext",
            "inputparams": [],
            "callbackType": null,
            "disabled": null,
            "source": "module"
        }]
    }
}