{
    "AS_Image_0ef8f5209c174765a6cac3742e8564bc": {
        "id": "AS_Image_0ef8f5209c174765a6cac3742e8564bc",
        "type": "ACTION_SEQUENCE",
        "params": [{
            "datatype": "collection",
            "name": "eventobject"
        }, {
            "datatype": "string",
            "name": "x"
        }, {
            "datatype": "string",
            "name": "y"
        }],
        "contextObj": {
            "name": "frmProd",
            "type": "forms",
            "platform": null,
            "KUID": "4bd2b06ab78f4ea892f4d461e040304d"
        },
        "language": "js",
        "actions": [{
            "id": "INVOKE_FUNCTION___059799a93f644980b121464ae98b5715",
            "type": "INVOKE_FUNCTION",
            "sequenceKUID": "frmBack22",
            "display": "frmBack22",
            "inputparams": [],
            "parentId": null,
            "callbackType": null,
            "disabled": null,
            "source": "module"
        }]
    }
}