{
    "AS_Image_eef66dc4e5c44ba4aaae797884b84d01": {
        "id": "AS_Image_eef66dc4e5c44ba4aaae797884b84d01",
        "type": "ACTION_SEQUENCE",
        "params": [{
            "datatype": "collection",
            "name": "eventobject"
        }, {
            "datatype": "string",
            "name": "x"
        }, {
            "datatype": "string",
            "name": "y"
        }],
        "contextObj": {
            "name": "frmProd",
            "type": "forms",
            "platform": "",
            "KUID": "4bd2b06ab78f4ea892f4d461e040304d"
        },
        "sourceObj": {
            "itemKUID": "b0e4164231f04daab953a41607ae9372",
            "widgetKUID": "f369bf9002a5450f9403ce3423e5e1f8",
            "evt": "onTouchEnd",
            "platform": null
        },
        "language": "js",
        "actions": [{
            "id": "NAMED_ACTION____cfdabe4274fe44b481a8987aea3510b4",
            "type": "NAMED_ACTION",
            "sequenceKUID": "AS_Image_f16eb3fc58b4427aafed9a67fb211e46",
            "display": "AS_Image_f16eb3fc58b4427aafed9a67fb211e46",
            "inputparams": [{
                "datatype": "collection",
                "name": "eventobject",
                "value": "eventobject"
            }, {
                "datatype": "string",
                "name": "x",
                "value": "x"
            }, {
                "datatype": "string",
                "name": "y",
                "value": "y"
            }],
            "parentId": null,
            "callbackType": null,
            "disabled": false,
            "isMasterInstanceAction": true
        }]
    }
}