{
    "AS_Image_bc27df41ab2943d8993c83b56c27705c": {
        "id": "AS_Image_bc27df41ab2943d8993c83b56c27705c",
        "type": "ACTION_SEQUENCE",
        "params": [{
            "datatype": "collection",
            "name": "eventobject"
        }, {
            "datatype": "string",
            "name": "x"
        }, {
            "datatype": "string",
            "name": "y"
        }],
        "contextObj": {
            "name": "frmPdetails",
            "type": "forms",
            "platform": "",
            "KUID": "1d6098ceb3c443e3801083ec784904e4"
        },
        "language": "js",
        "actions": [{
            "id": "ADD_SNIPPET__25d74c5514184905a018a7b9a71a4a5a",
            "type": "ADD_SNIPPET",
            "codeSnippet": "frmPdetails.flxCon1.setVisibility(true);\nfrmPdetails.flxCon1.zIndex=\"4\";\nfrmPdetails.tbxSearch.setVisibility(true);\nfrmPdetails.tbxSearch.zIndex=\"5\";\nfrmPdetails.forceLayout();",
            "parentId": null,
            "callbackType": null
        }]
    }
}