{
    "AS_Image_dd43e2d5ffbd4c4cb4cb6d5a4e8ff523": {
        "id": "AS_Image_dd43e2d5ffbd4c4cb4cb6d5a4e8ff523",
        "type": "ACTION_SEQUENCE",
        "params": [{
            "datatype": "collection",
            "name": "eventobject"
        }, {
            "datatype": "string",
            "name": "x"
        }, {
            "datatype": "string",
            "name": "y"
        }],
        "contextObj": {
            "name": "frmCat",
            "type": "forms",
            "platform": "",
            "KUID": "6ff7fd6cff4b4f36afa668f91de717b2"
        },
        "sourceObj": {
            "itemKUID": "b0e4164231f04daab953a41607ae9372",
            "widgetKUID": "d8984807b9474f298975cbf7734e5501",
            "evt": "onTouchEnd",
            "platform": null
        },
        "language": "js",
        "actions": [{
            "id": "NAMED_ACTION____d80d2e82e8bc485db5ed10b337524400",
            "type": "NAMED_ACTION",
            "sequenceKUID": "AS_Image_d5c65b684772437d979190f9f175f462",
            "display": "AS_Image_d5c65b684772437d979190f9f175f462",
            "inputparams": [{
                "datatype": "collection",
                "name": "eventobject",
                "value": "eventobject"
            }, {
                "datatype": "string",
                "name": "x",
                "value": "x"
            }, {
                "datatype": "string",
                "name": "y",
                "value": "y"
            }],
            "parentId": null,
            "callbackType": null,
            "disabled": false,
            "isMasterInstanceAction": true
        }]
    }
}