{
    "AS_Image_cb36dc1e31ac4f779f6f7b401b87c482": {
        "id": "AS_Image_cb36dc1e31ac4f779f6f7b401b87c482",
        "type": "ACTION_SEQUENCE",
        "params": [{
            "datatype": "collection",
            "name": "eventobject"
        }, {
            "datatype": "string",
            "name": "x"
        }, {
            "datatype": "string",
            "name": "y"
        }],
        "contextObj": {
            "name": "frmPdetails",
            "type": "forms",
            "platform": "",
            "KUID": "1d6098ceb3c443e3801083ec784904e4"
        },
        "sourceObj": {
            "itemKUID": "b0e4164231f04daab953a41607ae9372",
            "widgetKUID": "d8984807b9474f298975cbf7734e5501",
            "evt": "onTouchEnd",
            "platform": null
        },
        "language": "js",
        "actions": [{
            "id": "NAMED_ACTION____bfaadd367cc749f3a63a30e1593a1460",
            "type": "NAMED_ACTION",
            "sequenceKUID": "AS_Image_d5c65b684772437d979190f9f175f462",
            "display": "AS_Image_d5c65b684772437d979190f9f175f462",
            "inputparams": [{
                "datatype": "collection",
                "name": "eventobject",
                "value": "eventobject"
            }, {
                "datatype": "string",
                "name": "x",
                "value": "x"
            }, {
                "datatype": "string",
                "name": "y",
                "value": "y"
            }],
            "parentId": null,
            "callbackType": null,
            "disabled": false,
            "isMasterInstanceAction": true
        }]
    }
}