{
    "AS_Image_dd3f780cf96349638385a7b3d3f95a54": {
        "id": "AS_Image_dd3f780cf96349638385a7b3d3f95a54",
        "type": "ACTION_SEQUENCE",
        "params": [{
            "datatype": "collection",
            "name": "eventobject"
        }, {
            "datatype": "string",
            "name": "x"
        }, {
            "datatype": "string",
            "name": "y"
        }],
        "contextObj": {
            "name": "frmPdetails",
            "type": "forms",
            "platform": "",
            "KUID": "1d6098ceb3c443e3801083ec784904e4"
        },
        "sourceObj": {
            "itemKUID": "b0e4164231f04daab953a41607ae9372",
            "widgetKUID": "d8984807b9474f298975cbf7734e5501",
            "evt": "onTouchStart"
        },
        "language": "js",
        "actions": [{
            "id": "INVOKE_FUNCTION___f94e55c491ed484dad7e5e76889228be",
            "type": "INVOKE_FUNCTION",
            "sequenceKUID": "onClickBack3",
            "display": "onClickBack3",
            "inputparams": [],
            "parentId": null,
            "callbackType": null,
            "disabled": null,
            "source": "module"
        }]
    }
}