{
  "android": {
    "font_size": 106,
    "isForked": false
  },
  "background_color": "834de800",
  "bg_type": "one",
  "border_color": "424242ff",
  "border_style": "plain",
  "border_type": 0,
  "border_width": 0,
  "desktopweb": {
    "font_size": 106,
    "isForked": false
  },
  "fontSizeInPx": false,
  "font_color": "531cebff",
  "font_name": "Helvetica",
  "font_size": 106,
  "font_style": "underline",
  "font_weight": "normal",
  "ipad": {
    "font_size": 106,
    "isForked": false
  },
  "iphone": {
    "font_size": 106,
    "isForked": false
  },
  "isDefaultSkin": false,
  "kiosk": {
    "font_size": 106,
    "isForked": false
  },
  "kuid": "sef73f4d42454dee92a7ba5b0e91167a",
  "spaan": {
    "font_size": 106,
    "isForked": false
  },
  "spaandroidtablet": {
    "font_size": 106,
    "isForked": false
  },
  "spabb": {
    "font_size": 106,
    "isForked": false
  },
  "spaip": {
    "font_size": 106,
    "isForked": false
  },
  "spaipad": {
    "font_size": 106,
    "isForked": false
  },
  "spawindowstablet": {
    "font_size": 106,
    "isForked": false
  },
  "spawinphone8": {
    "font_size": 106,
    "isForked": false
  },
  "tabrcandroid": {
    "font_size": 106,
    "isForked": false
  },
  "wType": "RichText",
  "watchos": {
    "font_size": 106,
    "isForked": false
  },
  "windows8": {
    "font_size": 106,
    "isForked": false
  },
  "winphone8": {
    "font_size": 106,
    "isForked": false
  }
}