{
    "__parentReadjusting__": false,
    "_padding_": [
        0,
        0,
        0,
        0
    ],
    "_skin_": "s82ec60c33d3430e8ef17574aff858e7",
    "_srcKuid_": "d8984807b9474f298975cbf7734e5501",
    "canUpdateUI": true,
    "channel": "mobile",
    "context": {},
    "dataDiffs": {
        "height": {
            "type": "string",
            "value": "78%"
        },
        "id": "imgBack",
        "imageScaleMode": 1,
        "left": {
            "type": "string",
            "value": "1%"
        },
        "src": "ic_menu_back.png",
        "top": {
            "type": "string",
            "value": "4%"
        },
        "width": {
            "type": "string",
            "value": "18%"
        },
        "zIndex": 1
    },
    "id": "imgBack",
    "ide_onTouchEnd": "AS_Image_cb36dc1e31ac4f779f6f7b401b87c482",
    "ide_onTouchStart": "AS_Image_a5bc60b239654ca1b7f1551f5f99360c",
    "instanceOf": "d8984807b9474f298975cbf7734e5501",
    "isvisible": true,
    "kuid": "mbe1bc327ea24474bfb3c25e1ebc12d1",
    "masterInstance": true,
    "name": "kony.ui.Image2",
    "parent": "flxMaster",
    "pf": "frmPdetails",
    "topLevelInstanceKUID": "mb14652df27d4c4ba1e0ba3c3c2f9d11",
    "wType": "Image"
}