{
    "DNDConfig": null,
    "_height_": {
        "type": "string",
        "value": "39dp"
    },
    "_margin_": [
        0,
        0,
        0,
        0
    ],
    "_orientation_": 6,
    "_padding_": [
        0,
        0,
        0,
        0
    ],
    "_percent_": true,
    "_skin_": "sc9b921142a54b7e8e1a18926c414dca",
    "allboxes": [],
    "autogrowmode": 0,
    "canUpdateUI": true,
    "children": [
        "lblCat"
    ],
    "clipbounds": true,
    "containerId": true,
    "containerweight": 100,
    "enablescrolling": true,
    "id": "flxCat",
    "info": null,
    "isTemplate": true,
    "isvisible": true,
    "kuid": "d93a4a48e1a94b4daf2ab98d10db5582",
    "layouttype": 2,
    "name": "kony.ui.FlexContainer",
    "parent": "tempSeg",
    "pf": "tempSeg",
    "snapgridsize": 10,
    "snaptogrid": true,
    "wType": "FlexContainer",
    "widgetalignment": 1
}