{
    "@class": "com.kony.gen.viz.model.component.KVizButton",
    "DNDConfig": null,
    "__markedForDelete__": true,
    "__parentReadjusting__": false,
    "_height_": {
        "type": "string",
        "value": "60%"
    },
    "_margin_": [
        6,
        6,
        6,
        6
    ],
    "_padding_": [
        0,
        0,
        0,
        0
    ],
    "_right_": {
        "type": "string",
        "value": "3dp"
    },
    "_skin_": "se8bea9cb8f84ed7b90a8f38ec152201",
    "_text_": "Next>>",
    "_width_": {
        "type": "string",
        "value": "20%"
    },
    "canUpdateUI": true,
    "centery": {
        "type": "string",
        "value": "50%"
    },
    "containerweight": 100,
    "contentalignment": 5,
    "displaytext": true,
    "focusskin": "s3cb0d71e84c459d8839fe3c66c57fca",
    "id": "btnNext",
    "ide_onClick": "AS_Button_cadf140863664b38a769505b35ab9f4d",
    "info": null,
    "isvisible": true,
    "kuid": "99b6243bd1014e539d694c8212c59f23",
    "name": "kony.ui.Button",
    "parent": "flxNextPrev",
    "pf": "frmProd",
    "wType": "Button",
    "zindex": 1
}