{
    "__parentReadjusting__": false,
    "_skin_": "s69dd4385bb947d0af5758d2b8f42629",
    "_srcKuid_": "me72197967c94e7ab1b9fb840091d12e",
    "canUpdateUI": true,
    "channel": "mobile",
    "children": [
        "imgBestBuy",
        "lblDivider",
        "imgBack",
        "btnSearch"
    ],
    "context": {},
    "dataDiffs": {
        "clipBounds": true,
        "enableScrolling": true,
        "height": {
            "type": "string",
            "value": "10%"
        },
        "id": "flxMaster",
        "layoutType": 2,
        "left": {
            "type": "string",
            "value": "0%"
        },
        "snapGridSize": 10,
        "snapToGrid": true,
        "top": {
            "type": "string",
            "value": "0%"
        },
        "width": {
            "type": "string",
            "value": "100%"
        },
        "zIndex": 2
    },
    "id": "flxMaster",
    "instanceOf": "me72197967c94e7ab1b9fb840091d12e",
    "isTopFlexInstance": true,
    "isvisible": true,
    "kuid": "mb14652df27d4c4ba1e0ba3c3c2f9d11",
    "layouttype": 2,
    "masterInstance": true,
    "name": "kony.ui.FlexContainer",
    "parent": "frmPdetails",
    "pf": "frmPdetails",
    "vizProps": {
        "hidewidgethierarchy": false
    },
    "wType": "FlexContainer"
}