{
    "@class": "com.kony.gen.viz.model.component.KVizImage2",
    "DNDConfig": null,
    "__parentReadjusting__": false,
    "_base64_": null,
    "_height_": "68.33%",
    "_left_": {
        "type": "string",
        "value": "140%"
    },
    "_margin_": [
        0,
        0,
        0,
        0
    ],
    "_padding_": [
        0,
        0,
        0,
        0
    ],
    "_skin_": "s82ec60c33d3430e8ef17574aff858e7",
    "_src_": "bestbuylogo.png",
    "_top_": {
        "type": "string",
        "value": "9%"
    },
    "_width_": {
        "type": "string",
        "value": "36.00%"
    },
    "canUpdateUI": true,
    "centerx": "48.04%",
    "centery": "48.31%",
    "childInstances": [
        "m36cd92bacb84bf9b9c336ae361c77d0",
        "m6442394f8c4460abc0ed0c2104bca69",
        "mc753c2fda144730b98b280111ea7cfe"
    ],
    "containerweight": 100,
    "context": {
        "channel": "mobile",
        "formID": "tmpMaster",
        "platform": "iphone",
        "templateType": "masters",
        "topLevelBox": null
    },
    "id": "imgBestBuy",
    "imagescalemode": 1,
    "info": null,
    "isvisible": true,
    "kuid": "0cfb897e06954bb1a068796d7e032fae",
    "name": "kony.ui.Image2",
    "parent": "flxMaster",
    "pf": "tmpMaster",
    "srcType": 1,
    "wType": "Image",
    "widgetalignment": 5,
    "zindex": 1
}