{
    "DNDConfig": null,
    "__parentReadjusting__": false,
    "_height_": {
        "type": "ref",
        "value": "preferred"
    },
    "_left_": {
        "type": "string",
        "value": "147dp"
    },
    "_margin_": [
        0,
        0,
        0,
        0
    ],
    "_orientation_": 6,
    "_padding_": [
        0,
        0,
        0,
        0
    ],
    "_percent_": true,
    "_skin_": "s9ae2f7b621e4e93b88717e8c042f98e",
    "_top_": {
        "type": "string",
        "value": "142dp"
    },
    "_width_": {
        "type": "string",
        "value": "75.60%"
    },
    "allboxes": [],
    "autogrowmode": 1,
    "canUpdateUI": true,
    "children": [
        "lblRat",
        "imgRating"
    ],
    "clipbounds": true,
    "containerId": true,
    "containerweight": 100,
    "enablescrolling": true,
    "id": "FlexContainer060f5d758cc1445",
    "info": null,
    "isvisible": true,
    "kuid": "9e4501394aae424b997c657232f3758f",
    "layouttype": 3,
    "name": "kony.ui.FlexContainer",
    "parent": "flxCat2",
    "pf": "tempSeg2",
    "snapgridsize": 10,
    "snaptogrid": true,
    "wType": "FlexContainer",
    "widgetalignment": 1,
    "zindex": 1
}