{
    "DNDConfig": null,
    "_height_": {
        "type": "string",
        "value": "185dp"
    },
    "_margin_": [
        0,
        0,
        0,
        0
    ],
    "_orientation_": 6,
    "_padding_": [
        0,
        0,
        0,
        0
    ],
    "_percent_": true,
    "_skin_": "sc9b921142a54b7e8e1a18926c414dca",
    "allboxes": [],
    "autogrowmode": 0,
    "canUpdateUI": true,
    "children": [
        "lblName",
        "imgProd",
        "lblID",
        "lblSaleNote",
        "lblPriceRed",
        "lblPrice",
        "FlexContainer060f5d758cc1445"
    ],
    "clipbounds": true,
    "containerId": true,
    "containerweight": 100,
    "enablescrolling": true,
    "id": "flxCat2",
    "info": null,
    "isTemplate": true,
    "isvisible": true,
    "kuid": "c3140615849a47968ff9446553d15762",
    "layouttype": 2,
    "name": "kony.ui.FlexContainer",
    "parent": "tempSeg2",
    "pf": "tempSeg2",
    "snapgridsize": 10,
    "snaptogrid": true,
    "wType": "FlexContainer",
    "widgetalignment": 1
}