{
    "@class": "com.kony.gen.viz.model.component.KVizLabel",
    "DNDConfig": null,
    "__parentReadjusting__": false,
    "_height_": {
        "type": "ref",
        "value": "preferred"
    },
    "_left_": {
        "type": "string",
        "value": "215dp"
    },
    "_margin_": [
        1,
        1,
        1,
        1
    ],
    "_padding_": [
        0,
        0,
        0,
        0
    ],
    "_skin_": "s7c86d3e63ac47d5b591848c5ee3b10b",
    "_text_": "Label",
    "_top_": {
        "type": "string",
        "value": "30dp"
    },
    "_width_": {
        "type": "ref",
        "value": "preferred"
    },
    "_wrapping_": 2,
    "android": {
        "textStyle": {
            "letterSpacing": 0,
            "strikeThrough": false
        }
    },
    "canUpdateUI": true,
    "containerId": true,
    "containerweight": 100,
    "contentalignment": 4,
    "id": "lblID",
    "info": null,
    "ipad": {
        "psp": {
            "wrapping": 2
        }
    },
    "iphone": {
        "psp": {
            "textCopyable": false,
            "wrapping": 2
        }
    },
    "isvisible": false,
    "kuid": "5ecbc136c3434fa2ab9c4f100ddf0904",
    "name": "kony.ui.Label",
    "parent": "flxCat2",
    "pf": "tempSeg2",
    "tooltip": "",
    "wType": "Label",
    "zindex": 1
}