{
    "__parentReadjusting__": false,
    "_padding_": [
        0,
        0,
        0,
        0
    ],
    "_skin_": "s82ec60c33d3430e8ef17574aff858e7",
    "_srcKuid_": "d8984807b9474f298975cbf7734e5501",
    "canUpdateUI": true,
    "channel": "mobile",
    "context": {},
    "dataDiffs": {
        "height": {
            "type": "string",
            "value": "78%"
        },
        "id": "imgBack",
        "imageScaleMode": 1,
        "left": {
            "type": "string",
            "value": "1%"
        },
        "src": "ic_menu_back.png",
        "top": {
            "type": "string",
            "value": "4%"
        },
        "width": {
            "type": "string",
            "value": "18%"
        },
        "zIndex": 1
    },
    "id": "imgBack",
    "ide_onTouchEnd": "AS_Image_c396a07a1da8497dadedfdffc0062677",
    "ide_onTouchStart": "AS_Image_c0ed2d16bb154b1ab22816fea193fa55",
    "instanceOf": "d8984807b9474f298975cbf7734e5501",
    "isvisible": true,
    "kuid": "mdab73fa7fc7438c84a372ec6f932711",
    "masterInstance": true,
    "name": "kony.ui.Image2",
    "parent": "flxMaster",
    "pf": "frmProd",
    "topLevelInstanceKUID": "md895213a0c347689d6395896235de8f",
    "wType": "Image"
}