{
    "DNDConfig": null,
    "__parentReadjusting__": false,
    "_height_": {
        "type": "string",
        "value": "902dp"
    },
    "_left_": {
        "type": "string",
        "value": "7dp"
    },
    "_margin_": [
        0,
        0,
        0,
        0
    ],
    "_orientation_": 6,
    "_padding_": [
        0,
        0,
        0,
        0
    ],
    "_percent_": true,
    "_skin_": "s867e2a0c1664e43a2b990ccefd86988",
    "_top_": {
        "type": "string",
        "value": "0dp"
    },
    "_width_": {
        "type": "string",
        "value": "25.71%"
    },
    "allboxes": [],
    "autogrowmode": 0,
    "canUpdateUI": true,
    "children": [
        "Calendar007588585828847"
    ],
    "clipbounds": true,
    "containerweight": 100,
    "enablescrolling": true,
    "id": "FlexContainer05cb62b880cf447",
    "info": null,
    "isvisible": true,
    "kuid": "72fb9c296e7d4b19869619954e9e2053",
    "layouttype": 2,
    "name": "kony.ui.FlexContainer",
    "parent": "frmCse",
    "pf": "frmCse",
    "snapgridsize": 10,
    "snaptogrid": true,
    "wType": "FlexContainer",
    "widgetalignment": 1,
    "zindex": 1
}