{
    "@class": "com.kony.gen.viz.model.component.KVizTextBox2",
    "DNDConfig": null,
    "__parentReadjusting__": false,
    "_height_": {
        "type": "string",
        "value": "40dp"
    },
    "_left_": {
        "type": "string",
        "value": "10dp"
    },
    "_margin_": [
        0,
        0,
        0,
        0
    ],
    "_padding_": [
        3,
        0,
        0,
        0
    ],
    "_placeholder_": "",
    "_skin_": "s7a925f2d8a24776b4d296bdea2083ad",
    "_text_": "Search",
    "_top_": {
        "type": "string",
        "value": "57dp"
    },
    "_width_": {
        "type": "string",
        "value": "260dp"
    },
    "autocapitalize": "none",
    "autocomplete": false,
    "autocorrect": false,
    "autofilter": false,
    "canUpdateUI": true,
    "containerheight": "",
    "containerheightmode": 1,
    "containerweight": 100,
    "contentalignment": 4,
    "id": "tbxSearch",
    "info": null,
    "isvisible": false,
    "keyboardtype": "A",
    "kuid": "a5719de7c1c74b1bb9f70a2457cd682c",
    "maxtextlength": "",
    "mode": "A",
    "name": "kony.ui.TextBox2",
    "parent": "frmPdetails",
    "pf": "frmPdetails",
    "securetextentry": false,
    "textinputmode": "A",
    "viewtype": "search",
    "wType": "TextField",
    "zindex": 1
}