{
    "__parentReadjusting__": false,
    "_padding_": [
        0,
        0,
        0,
        0
    ],
    "_skin_": "s726ff02a82840079ffd1ec1cdc42920",
    "_srcKuid_": "f369bf9002a5450f9403ce3423e5e1f8",
    "canUpdateUI": true,
    "channel": "mobile",
    "context": {},
    "dataDiffs": {
        "height": {
            "type": "string",
            "value": "93%"
        },
        "id": "btnSearch",
        "imageScaleMode": 1,
        "right": {
            "type": "string",
            "value": "0%"
        },
        "src": "ic_menu_search.png",
        "top": {
            "type": "string",
            "value": "0%"
        },
        "width": {
            "type": "string",
            "value": "25%"
        },
        "zIndex": 1
    },
    "id": "btnSearch",
    "ide_onTouchStart": "AS_Image_f74dbe513d044dc38869896412275df7",
    "instanceOf": "f369bf9002a5450f9403ce3423e5e1f8",
    "isvisible": true,
    "kuid": "m6046b83b00b48a2bd5d0259afb8cdb0",
    "masterInstance": true,
    "name": "kony.ui.Image2",
    "parent": "flxMaster",
    "pf": "frmCat",
    "topLevelInstanceKUID": "m91750977fb74b58b880a19e9e7689ad",
    "wType": "Image"
}