{
    "__parentReadjusting__": false,
    "_padding_": [
        0,
        0,
        0,
        0
    ],
    "_skin_": "s82ec60c33d3430e8ef17574aff858e7",
    "_srcKuid_": "d8984807b9474f298975cbf7734e5501",
    "canUpdateUI": true,
    "channel": "mobile",
    "context": {},
    "dataDiffs": {
        "height": {
            "type": "string",
            "value": "93%"
        },
        "id": "imgBack",
        "imageScaleMode": 1,
        "left": {
            "type": "string",
            "value": "0%"
        },
        "src": "ic_menu_back.png",
        "top": {
            "type": "string",
            "value": "0%"
        },
        "width": {
            "type": "string",
            "value": "20%"
        },
        "zIndex": 1
    },
    "id": "imgBack",
    "ide_onTouchEnd": "AS_Image_b39ed763ff614c47be7faf5940242368",
    "ide_onTouchStart": "AS_Image_e9be2253e34243e396bf5e860105f7e0",
    "instanceOf": "d8984807b9474f298975cbf7734e5501",
    "isvisible": true,
    "kuid": "m684f828b9d74369817a3a5402e9c52a",
    "masterInstance": true,
    "name": "kony.ui.Image2",
    "parent": "flxMaster",
    "pf": "frmCat",
    "topLevelInstanceKUID": "m91750977fb74b58b880a19e9e7689ad",
    "wType": "Image"
}