{
    "@class": "com.kony.gen.viz.model.component.KVizLabel",
    "DNDConfig": null,
    "__parentReadjusting__": false,
    "_height_": {
        "type": "string",
        "value": "5%"
    },
    "_left_": {
        "type": "string",
        "value": "3%"
    },
    "_margin_": [
        1,
        1,
        1,
        1
    ],
    "_padding_": [
        0,
        0,
        0,
        0
    ],
    "_skin_": "s1c4c228edf34859977cccb316c73878",
    "_text_": "Number of Reviews:",
    "_top_": {
        "type": "string",
        "value": "45%"
    },
    "_width_": {
        "type": "string",
        "value": "97%"
    },
    "_wrapping_": 2,
    "android": {
        "textStyle": {
            "letterSpacing": 0,
            "strikeThrough": false
        }
    },
    "canUpdateUI": true,
    "containerweight": 100,
    "contentalignment": 4,
    "id": "lblRevCount2",
    "info": null,
    "ipad": {
        "psp": {
            "wrapping": 2
        }
    },
    "iphone": {
        "psp": {
            "wrapping": 2
        }
    },
    "isvisible": true,
    "kuid": "f170720b0a894baeb0aa4d18aaf88bce",
    "name": "kony.ui.Label",
    "parent": "frmPdetails",
    "pf": "frmPdetails",
    "tooltip": "",
    "wType": "Label",
    "zindex": 2
}