{
    "@class": "com.kony.gen.viz.model.component.KVizLabel",
    "DNDConfig": null,
    "__parentReadjusting__": false,
    "_height_": {
        "type": "ref",
        "value": "preferred"
    },
    "_left_": {
        "type": "number",
        "value": "52"
    },
    "_margin_": [
        1,
        1,
        1,
        1
    ],
    "_padding_": [
        0,
        0,
        0,
        0
    ],
    "_skin_": "sf48241a81d14da6bacb43b8dc14cc45",
    "_text_": "No reviews found",
    "_top_": {
        "type": "number",
        "value": "376"
    },
    "_width_": {
        "type": "ref",
        "value": "preferred"
    },
    "_wrapping_": 2,
    "android": {
        "textStyle": {
            "letterSpacing": 0,
            "strikeThrough": false
        }
    },
    "canUpdateUI": true,
    "containerweight": 100,
    "contentalignment": 4,
    "id": "lblRev",
    "info": null,
    "ipad": {
        "psp": {
            "wrapping": 2
        }
    },
    "iphone": {
        "psp": {
            "textCopyable": false,
            "wrapping": 2
        }
    },
    "isvisible": false,
    "kuid": "4eb97292579e4feb9c253f661b159be0",
    "name": "kony.ui.Label",
    "parent": "frmPdetails",
    "pf": "frmPdetails",
    "tooltip": "",
    "wType": "Label",
    "zindex": 1
}