{
    "@class": "com.kony.gen.viz.model.component.KVizImage2",
    "DNDConfig": null,
    "__parentReadjusting__": false,
    "_base64_": null,
    "_height_": {
        "type": "ref",
        "value": "preferred"
    },
    "_left_": {
        "type": "string",
        "value": "0dp"
    },
    "_margin_": [
        0,
        0,
        0,
        0
    ],
    "_padding_": [
        0,
        0,
        0,
        0
    ],
    "_skin_": "s11eb1acf1b744d08e0dc63772577732",
    "_src_": "imagedrag.png",
    "_top_": {
        "type": "string",
        "value": "2dp"
    },
    "_width_": {
        "type": "string",
        "value": "60.03%"
    },
    "canUpdateUI": true,
    "containerId": true,
    "containerweight": 100,
    "context": {
        "channel": "mobile",
        "platform": "spaan",
        "templateType": "segments",
        "topLevelBox": null
    },
    "id": "imgRat2",
    "imagescalemode": 1,
    "info": null,
    "isvisible": true,
    "kuid": "24d252ab9fc4401ebc3b82d131a30775",
    "name": "kony.ui.Image2",
    "parent": "flxLblVer",
    "pf": "tempSeg3",
    "srcType": 1,
    "wType": "Image",
    "widgetalignment": 5,
    "zindex": 1
}