{
    "@class": "com.kony.gen.viz.model.component.KVizRichText",
    "DNDConfig": null,
    "__parentReadjusting__": false,
    "_height_": {
        "type": "ref",
        "value": "preferred"
    },
    "_left_": {
        "type": "string",
        "value": "23dp"
    },
    "_margin_": [
        0,
        0,
        0,
        0
    ],
    "_padding_": [
        0,
        0,
        0,
        0
    ],
    "_skin_": "sef73f4d42454dee92a7ba5b0e91167a",
    "_text_": "more...\n",
    "_top_": {
        "type": "string",
        "value": "110dp"
    },
    "_width_": {
        "type": "string",
        "value": "25.00%"
    },
    "_wrapping_": 2,
    "canUpdateUI": true,
    "containerId": true,
    "containerweight": 100,
    "contentalignment": 4,
    "id": "RTxtMore",
    "info": null,
    "isvisible": true,
    "kuid": "de2b9244012b49ada145ca5a9b2caa02",
    "name": "kony.ui.RichText",
    "parent": "flxCat3",
    "pf": "tempSeg3",
    "wType": "RichText",
    "watchos": {
        "render": false
    },
    "widgetalignment": 5,
    "windows10": {
        "render": false
    },
    "winphone10": {
        "render": false
    },
    "zindex": 1
}