{"categories":{"getProductDetails":{"servicename":"categories","serviceid":"82cc89f1-b87b-4615-9779-7193ada0b77b","type":"integration","operationname":"getProductDetails","operationid":"275"},"getCategories":{"servicename":"categories","serviceid":"82cc89f1-b87b-4615-9779-7193ada0b77b","type":"integration","operationname":"getCategories","operationid":"276"},"getProducts":{"servicename":"categories","serviceid":"82cc89f1-b87b-4615-9779-7193ada0b77b","type":"integration","operationname":"getProducts","operationid":"277"},"getProductReviews":{"servicename":"categories","serviceid":"82cc89f1-b87b-4615-9779-7193ada0b77b","type":"integration","operationname":"getProductReviews","operationid":"278"},"productSearch":{"servicename":"categories","serviceid":"82cc89f1-b87b-4615-9779-7193ada0b77b","type":"integration","operationname":"productSearch","operationid":"279"}}}