{
    "@class": "com.kony.gen.viz.model.component.KVizImage2",
    "DNDConfig": null,
    "__parentReadjusting__": false,
    "_base64_": null,
    "_height_": {
        "type": "string",
        "value": "35dp"
    },
    "_margin_": [
        0,
        0,
        0,
        0
    ],
    "_padding_": [
        0,
        0,
        0,
        0
    ],
    "_right_": {
        "type": "string",
        "value": "0dp"
    },
    "_skin_": "s11eb1acf1b744d08e0dc63772577732",
    "_src_": "imagedrag.png",
    "_top_": {
        "type": "string",
        "value": "9dp"
    },
    "_width_": {
        "type": "string",
        "value": "175dp"
    },
    "canUpdateUI": true,
    "containerId": true,
    "containerweight": 100,
    "context": {
        "channel": "mobile",
        "platform": "iphone",
        "templateType": "segments",
        "topLevelBox": null
    },
    "id": "imgRating",
    "imagescalemode": 1,
    "info": null,
    "isvisible": false,
    "kuid": "319c662c0fad4ae8a8d09b5a53ec43c4",
    "name": "kony.ui.Image2",
    "parent": "FlexContainer060f5d758cc1445",
    "pf": "tempSeg2",
    "srcType": 1,
    "wType": "Image",
    "widgetalignment": 5,
    "zindex": 1
}