{
    "mwaddrkey": "",
    "wap_android360_fontsize": "12",
    "isA11yConfigEnabled": false,
    "watchos_notificationcentericon_42": "",
    "wap_android440_fontsize": "12",
    "apppackagekey": "",
    "nativeContainerProperties": {
        "isModified": false,
        "isEnableJSContainer": false,
        "isEnableJSContainerAndroid": false,
        "isEnableJSContaineriOS": false
    },
    "wap_android400_fontsize": "12",
    "wap_spaandroidtabhdpi_fontsize": "12",
    "cordovaVersionInfo": {
        "useGlobalCordova": false
    },
    "appversionkey": "1.0.0",
    "watchos_longlooknotificationicon_38": "",
    "project.type": "js",
    "startupformkey": "frmCat",
    "wap_bb480_fontsize": "12",
    "wap_winphone480_fontsize": "12",
    "wap_android640_fontsize": "12",
    "vendornamekey": "KonyLabs",
    "wap_android320_fontsize": "12",
    "createdgaversion": "7.2.0",
    "watchos_notificationcentericon_38": "",
    "desktopstartupformkey": "frmCse",
    "enableactionbar": false,
    "watchos_shortlooknotificationicon_42": "",
    "wap_android480_fontsize": "12",
    "wap_winphone320_fontsize": "12",
    "watchos_longlooknotificationicon_42": "",
    "appmenu": {
        "tablet": {
            "data": [
                {
                    "windows8": {
                        "appBarButtonStyle": "No Style",
                        "position": "BOTTOM_LEFT"
                    },
                    "android": {
                        "showAsFlag": 0
                    },
                    "kuid": "36c5f10d6a664d14b0a53894a792ff87",
                    "icon": {
                        "default": "option1.png"
                    },
                    "id": "appmenuitemid1",
                    "title": "Item 1"
                },
                {
                    "windows8": {
                        "appBarButtonStyle": "No Style",
                        "position": "BOTTOM_LEFT"
                    },
                    "android": {
                        "showAsFlag": 0
                    },
                    "kuid": "793fc09e92cb4910b6e225fa51e40230",
                    "icon": {
                        "default": "option2.png"
                    },
                    "id": "appmenuitemid2",
                    "title": "Item 2"
                },
                {
                    "windows8": {
                        "appBarButtonStyle": "No Style",
                        "position": "BOTTOM_LEFT"
                    },
                    "android": {
                        "showAsFlag": 0
                    },
                    "kuid": "88c20fe9dae045c688e02ef5bbe4512d",
                    "icon": {
                        "default": "option3.png"
                    },
                    "id": "appmenuitemid3",
                    "title": "Item 3"
                },
                {
                    "windows8": {
                        "appBarButtonStyle": "No Style",
                        "position": "BOTTOM_LEFT"
                    },
                    "android": {
                        "showAsFlag": 0
                    },
                    "kuid": "67dd332523794dc8b15ee56f294be03e",
                    "icon": {
                        "default": "option4.png"
                    },
                    "id": "appmenuitemid4",
                    "title": "Item 4"
                }
            ]
        },
        "desktop": {
            "data": [
                {
                    "kuid": "2820ab4f0f554901a453535782df6ca6",
                    "icon": {
                        "default": "option1.png"
                    },
                    "id": "appmenuitemid1",
                    "title": "Item 1"
                },
                {
                    "kuid": "0224c75e26914e1a9412214190f5c500",
                    "icon": {
                        "default": "option2.png"
                    },
                    "id": "appmenuitemid2",
                    "title": "Item 2"
                },
                {
                    "kuid": "cc112d03ec9741e5801e1f506ad0e905",
                    "icon": {
                        "default": "option3.png"
                    },
                    "id": "appmenuitemid3",
                    "title": "Item 3"
                },
                {
                    "kuid": "7f7b525909f245e7bd12a2b43ab6ef9a",
                    "icon": {
                        "default": "option4.png"
                    },
                    "id": "appmenuitemid4",
                    "title": "Item 4"
                }
            ]
        },
        "focusskin": null,
        "osVersion": "iOS7",
        "wType": "Appmenu",
        "focusSkin": null,
        "context": {
            "channel": "mobile",
            "platform": "iphone"
        },
        "mobile": {
            "data": [
                {
                    "android": {
                        "showAsFlag": 0
                    },
                    "kuid": "6fa97bcd11db4a58b86690a57816b862",
                    "icon": {
                        "default": "option1.png"
                    },
                    "id": "appmenuitemid1",
                    "title": "Item 1"
                },
                {
                    "android": {
                        "showAsFlag": 0
                    },
                    "kuid": "526b20e887a54345838263f9f53dbca7",
                    "icon": {
                        "default": "option2.png"
                    },
                    "id": "appmenuitemid2",
                    "title": "Item 2"
                },
                {
                    "android": {
                        "showAsFlag": 0
                    },
                    "kuid": "1ac6aa5badc04d3685010106e0f54c67",
                    "icon": {
                        "default": "option3.png"
                    },
                    "id": "appmenuitemid3",
                    "title": "Item 3"
                },
                {
                    "android": {
                        "showAsFlag": 0
                    },
                    "kuid": "f7dea5ce28404257810e3e9588254287",
                    "icon": {
                        "default": "option4.png"
                    },
                    "id": "appmenuitemid4",
                    "title": "Item 4"
                }
            ]
        },
        "skin": null,
        "osPlatform": ""
    },
    "wap_spaipad_fontsize": "12",
    "mwportkey": "",
    "mwhttpsportkey": "",
    "wap_bb440_fontsize": "12",
    "wap_bb400_fontsize": "12",
    "appidkey": "BestBuyNew",
    "statusBarHidden": "false",
    "wap_bb360_fontsize": "12",
    "defaultSkins": "{}",
    "export.type": "studioviz",
    "isNewAppWithRespectToAndroidPackageName": "",
    "wap_spawindowstab_fontsize": "12",
    "defaulttheme": "defaultTheme",
    "watchos_shortlooknotificationicon_38": "",
    "appaddrkey": "",
    "appnamekey": "BestBuys",
    "currentgaversion": "7.3.0",
    "enableCordova": false,
    "wap_bb320_fontsize": "12",
    "enableIdForAutomation": false,
    "wap_bb240_fontsize": "12",
    "desktopwebbasefontsize": "12",
    "mfappguid": {
        "36527109-09d0-4bd2-bb06-1026385a041e": "2be63d68-bcdd-4feb-ab37-635138580be0",
        "80ef7956-ba53-456a-b40a-05880b14c47b": "379794ef-587e-42ec-846b-1f02c7111541"
    },
    "wap_android240_fontsize": "12",
    "wap_spaandroidtabldpi_fontsize": "12",
    "wap_spaandroidtabmdpi_fontsize": "12",
    "konyVizVersion": "7.3.0",
    "isDpScaleFactor": true,
    "wap_spaandroidtab_fontsize": "12",
    "referenceWidth": "375",
    "winmobileguidkey": "",
    "APPLICATION_THEME": "default",
    "build": "debug",
    "project_version": "sprint27",
    "wap_ip_fontsize": "12",
    "category": "app",
    "createdVizVersion": "7.2.1"
}